user_id,estado,data_cadastro,valor_ultima_compra
user_00000,MG,2023-08-21 20:14:06.572454,151.78
user_00001,PE,2023-08-21 20:14:06.572454,36.15
user_00002,RS,2023-08-21 20:14:06.572454,175.95
user_00003,BA,2023-08-21 20:14:06.572454,508.15
user_00004,SP,2023-08-22 20:14:06.572454,376.19
user_00005,SP,2023-08-22 20:14:06.572454,344.66
user_00006,SP,2023-08-22 20:14:06.572454,195.59
user_00007,GO,2023-08-22 20:14:06.572454,87.95
user_00008,PR,2023-08-22 20:14:06.572454,369.53
user_00009,RS,2023-08-22 20:14:06.572454,125.53
user_00010,SP,2023-08-22 20:14:06.572454,1115.9505608844574
user_00011,PE,2023-08-23 20:14:06.572454,386.22
user_00012,SC,2023-08-23 20:14:06.572454,153.77
user_00013,SP,2023-08-23 20:14:06.572454,150.04
user_00014,SP,2023-08-23 20:14:06.572454,227.16
user_00015,SP,2023-08-23 20:14:06.572454,202.03
user_00016,MG,2023-08-23 20:14:06.572454,597.93
user_00017,RJ,2023-08-23 20:14:06.572454,284.05
user_00018,RJ,2023-08-24 20:14:06.572454,136.28
user_00019,MG,2023-08-24 20:14:06.572454,1023.3489089425566
user_00020,PR,2023-08-24 20:14:06.572454,254.54
user_00021,SP,2023-08-24 20:14:06.572454,452.63
user_00022,MG,2023-08-24 20:14:06.572454,150.42
user_00023,MG,2023-08-25 20:14:06.572454,327.17
user_00024,RJ,2023-08-25 20:14:06.572454,313.84
user_00025,SC,2023-08-25 20:14:06.572454,53.96
user_00026,SP,2023-08-25 20:14:06.572454,1472.594289879772
user_00027,RJ,2023-08-26 20:14:06.572454,687.12
user_00028,BA,2023-08-26 20:14:06.572454,178.08
user_00029,SP,2023-08-26 20:14:06.572454,101.31
user_00030,PR,2023-08-26 20:14:06.572454,323.13
user_00031,SP,2023-08-27 20:14:06.572454,262.27
user_00032,SP,2023-08-27 20:14:06.572454,325.23
user_00033,DF,2023-08-27 20:14:06.572454,285.22
user_00034,PE,2023-08-27 20:14:06.572454,366.86
user_00035,SC,2023-08-27 20:14:06.572454,778.87
user_00036,MG,2023-08-27 20:14:06.572454,385.48
user_00037,SP,2023-08-27 20:14:06.572454,105.67
user_00038,PR,2023-08-27 20:14:06.572454,727.82
user_00039,RJ,2023-08-28 20:14:06.572454,909.13
user_00040,SP,2023-08-28 20:14:06.572454,1156.867629422327
user_00041,RJ,2023-08-28 20:14:06.572454,99.6
user_00042,SP,2023-08-28 20:14:06.572454,297.17
user_00043,DF,2023-08-29 20:14:06.572454,46.26
user_00044,MG,2023-08-29 20:14:06.572454,380.89
user_00045,PR,2023-08-29 20:14:06.572454,157.82
user_00046,MG,2023-08-29 20:14:06.572454,1221.2945116622293
user_00047,RJ,2023-08-29 20:14:06.572454,131.67
user_00048,RJ,2023-08-29 20:14:06.572454,63.35
user_00049,SP,2023-08-29 20:14:06.572454,167.84
user_00050,PE,2023-08-30 20:14:06.572454,50.38
user_00051,RS,2023-08-30 20:14:06.572454,446.25
user_00052,DF,2023-08-30 20:14:06.572454,46.9
user_00053,GO,2023-08-30 20:14:06.572454,250.33
user_00054,BA,2023-08-30 20:14:06.572454,46.42
user_00055,DF,2023-08-30 20:14:06.572454,189.38
user_00056,SP,2023-08-30 20:14:06.572454,911.15
user_00057,SP,2023-08-30 20:14:06.572454,326.53
user_00058,SP,2023-08-30 20:14:06.572454,122.63
user_00059,MG,2023-08-30 20:14:06.572454,238.66
user_00060,MG,2023-08-30 20:14:06.572454,248.24
user_00061,MG,2023-08-30 20:14:06.572454,357.13
user_00062,SC,2023-08-31 20:14:06.572454,81.98
user_00063,MG,2023-08-31 20:14:06.572454,393.1
user_00064,MG,2023-09-01 20:14:06.572454,28.12
user_00065,RJ,2023-09-01 20:14:06.572454,147.83
user_00066,SP,2023-09-01 20:14:06.572454,165.57
user_00067,SC,2023-09-01 20:14:06.572454,406.13
user_00068,SP,2023-09-02 20:14:06.572454,249.16
user_00069,CE,2023-09-02 20:14:06.572454,79.48
user_00070,RS,2023-09-02 20:14:06.572454,111.28
user_00071,SP,2023-09-02 20:14:06.572454,286.85
user_00072,SP,2023-09-02 20:14:06.572454,229.69
user_00073,SC,2023-09-02 20:14:06.572454,153.96
user_00074,RS,2023-09-02 20:14:06.572454,166.56
user_00075,RS,2023-09-02 20:14:06.572454,427.06
user_00076,RS,2023-09-02 20:14:06.572454,161.72
user_00077,SP,2023-09-02 20:14:06.572454,228.04
user_00078,MG,2023-09-03 20:14:06.572454,1057.3199717928535
user_00079,SP,2023-09-04 20:14:06.572454,78.34
user_00080,GO,2023-09-04 20:14:06.572454,55.62
user_00081,PR,2023-09-04 20:14:06.572454,458.0
user_00082,MG,2023-09-04 20:14:06.572454,142.18
user_00083,SP,2023-09-04 20:14:06.572454,189.69
user_00084,MG,2023-09-04 20:14:06.572454,130.98
user_00085,MG,2023-09-05 20:14:06.572454,198.77
user_00086,RS,2023-09-05 20:14:06.572454,879.04
user_00087,PR,2023-09-05 20:14:06.572454,464.84
user_00088,GO,2023-09-05 20:14:06.572454,487.74
user_00089,RJ,2023-09-06 20:14:06.572454,78.81
user_00090,SP,2023-09-06 20:14:06.572454,97.42
user_00091,RS,2023-09-06 20:14:06.572454,25.25
user_00092,RS,2023-09-06 20:14:06.572454,128.06
user_00093,BA,2023-09-06 20:14:06.572454,526.03
user_00094,RS,2023-09-06 20:14:06.572454,370.02
user_00095,RJ,2023-09-06 20:14:06.572454,204.95
user_00096,RJ,2023-09-06 20:14:06.572454,240.37
user_00097,RJ,2023-09-07 20:14:06.572454,141.02
user_00098,SP,2023-09-07 20:14:06.572454,288.24
user_00099,SP,2023-09-07 20:14:06.572454,451.56
user_00100,SP,2023-09-07 20:14:06.572454,67.17
user_00101,PR,2023-09-07 20:14:06.572454,310.98
user_00102,MG,2023-09-08 20:14:06.572454,515.92
user_00103,RJ,2023-09-08 20:14:06.572454,175.55
user_00104,DF,2023-09-09 20:14:06.572454,428.62
user_00105,SP,2023-09-09 20:14:06.572454,1418.462164954646
user_00106,RJ,2023-09-09 20:14:06.572454,225.1
user_00107,RS,2023-09-09 20:14:06.572454,335.17
user_00108,SP,2023-09-09 20:14:06.572454,135.58
user_00109,SP,2023-09-09 20:14:06.572454,282.87
user_00110,MG,2023-09-09 20:14:06.572454,353.62
user_00111,SP,2023-09-10 20:14:06.572454,285.97
user_00112,DF,2023-09-10 20:14:06.572454,108.23
user_00113,SC,2023-09-10 20:14:06.572454,288.61
user_00114,PR,2023-09-10 20:14:06.572454,788.2
user_00115,GO,2023-09-10 20:14:06.572454,350.34
user_00116,SC,2023-09-10 20:14:06.572454,528.26
user_00117,SP,2023-09-10 20:14:06.572454,202.43
user_00118,GO,2023-09-10 20:14:06.572454,445.82
user_00119,RJ,2023-09-11 20:14:06.572454,305.95
user_00120,SC,2023-09-11 20:14:06.572454,114.35
user_00121,GO,2023-09-11 20:14:06.572454,315.71
user_00122,MG,2023-09-11 20:14:06.572454,110.68
user_00123,SP,2023-09-12 20:14:06.572454,147.48
user_00124,SP,2023-09-12 20:14:06.572454,284.71
user_00125,RJ,2023-09-12 20:14:06.572454,310.38
user_00126,SC,2023-09-12 20:14:06.572454,94.5
user_00127,GO,2023-09-12 20:14:06.572454,568.61
user_00128,SP,2023-09-13 20:14:06.572454,386.68
user_00129,RJ,2023-09-13 20:14:06.572454,139.24
user_00130,RJ,2023-09-13 20:14:06.572454,71.52
user_00131,SP,2023-09-14 20:14:06.572454,217.91
user_00132,SP,2023-09-14 20:14:06.572454,171.27
user_00133,MG,2023-09-15 20:14:06.572454,267.87
user_00134,DF,2023-09-15 20:14:06.572454,183.0
user_00135,MG,2023-09-15 20:14:06.572454,49.11
user_00136,RJ,2023-09-15 20:14:06.572454,179.35
user_00137,RS,2023-09-15 20:14:06.572454,191.62
user_00138,MG,2023-09-16 20:14:06.572454,406.23
user_00139,CE,2023-09-16 20:14:06.572454,139.97
user_00140,PE,2023-09-16 20:14:06.572454,937.24
user_00141,MG,2023-09-16 20:14:06.572454,53.02
user_00142,RJ,2023-09-16 20:14:06.572454,698.5
user_00143,MG,2023-09-16 20:14:06.572454,204.5
user_00144,MG,2023-09-16 20:14:06.572454,486.71
user_00145,SP,2023-09-16 20:14:06.572454,260.82
user_00146,PR,2023-09-16 20:14:06.572454,608.89
user_00147,RJ,2023-09-16 20:14:06.572454,179.49
user_00148,SP,2023-09-17 20:14:06.572454,101.61
user_00149,MG,2023-09-17 20:14:06.572454,762.35
user_00150,DF,2023-09-17 20:14:06.572454,223.46
user_00151,SP,2023-09-17 20:14:06.572454,292.14
user_00152,SP,2023-09-17 20:14:06.572454,657.08
user_00153,RJ,2023-09-17 20:14:06.572454,107.17
user_00154,CE,2023-09-17 20:14:06.572454,394.02
user_00155,SP,2023-09-18 20:14:06.572454,152.64
user_00156,PR,2023-09-18 20:14:06.572454,220.14
user_00157,RS,2023-09-18 20:14:06.572454,259.26
user_00158,SP,2023-09-18 20:14:06.572454,73.69
user_00159,RS,2023-09-19 20:14:06.572454,131.23
user_00160,MG,2023-09-19 20:14:06.572454,721.16
user_00161,PR,2023-09-19 20:14:06.572454,497.18
user_00162,PR,2023-09-19 20:14:06.572454,232.73
user_00163,RJ,2023-09-19 20:14:06.572454,297.23
user_00164,SP,2023-09-19 20:14:06.572454,193.37
user_00165,SC,2023-09-19 20:14:06.572454,724.34
user_00166,MG,2023-09-19 20:14:06.572454,208.45
user_00167,SP,2023-09-19 20:14:06.572454,294.56
user_00168,SP,2023-09-20 20:14:06.572454,612.06
user_00169,BA,2023-09-20 20:14:06.572454,131.38
user_00170,PR,2023-09-20 20:14:06.572454,851.53
user_00171,SP,2023-09-20 20:14:06.572454,71.93
user_00172,RJ,2023-09-20 20:14:06.572454,901.19
user_00173,SP,2023-09-21 20:14:06.572454,181.61
user_00174,PR,2023-09-21 20:14:06.572454,201.51
user_00175,SP,2023-09-21 20:14:06.572454,53.95
user_00176,PR,2023-09-21 20:14:06.572454,170.06
user_00177,MG,2023-09-21 20:14:06.572454,106.5
user_00178,DF,2023-09-21 20:14:06.572454,150.49
user_00179,SP,2023-09-21 20:14:06.572454,219.24
user_00180,MG,2023-09-21 20:14:06.572454,526.49
user_00181,SP,2023-09-21 20:14:06.572454,288.9
user_00182,DF,2023-09-22 20:14:06.572454,312.98
user_00183,GO,2023-09-22 20:14:06.572454,101.86
user_00184,MG,2023-09-22 20:14:06.572454,120.95
user_00185,PR,2023-09-22 20:14:06.572454,1013.8159164279654
user_00186,SC,2023-09-22 20:14:06.572454,135.89
user_00187,BA,2023-09-22 20:14:06.572454,920.55
user_00188,RJ,2023-09-22 20:14:06.572454,201.45
user_00189,SP,2023-09-23 20:14:06.572454,245.14
user_00190,SP,2023-09-23 20:14:06.572454,576.11
user_00191,GO,2023-09-23 20:14:06.572454,676.89
user_00192,DF,2023-09-23 20:14:06.572454,223.93
user_00193,PR,2023-09-23 20:14:06.572454,179.36
user_00194,MG,2023-09-23 20:14:06.572454,233.99
user_00195,MG,2023-09-23 20:14:06.572454,320.66
user_00196,RS,2023-09-23 20:14:06.572454,499.22
user_00197,GO,2023-09-24 20:14:06.572454,245.52
user_00198,GO,2023-09-24 20:14:06.572454,401.46
user_00199,RS,2023-09-24 20:14:06.572454,907.49
user_00200,PR,2023-09-24 20:14:06.572454,331.97
user_00201,SP,2023-09-25 20:14:06.572454,313.98
user_00202,SP,2023-09-25 20:14:06.572454,72.59
user_00203,GO,2023-09-25 20:14:06.572454,29.83
user_00204,PR,2023-09-26 20:14:06.572454,333.85
user_00205,SP,2023-09-26 20:14:06.572454,226.82
user_00206,SP,2023-09-26 20:14:06.572454,162.09
user_00207,PR,2023-09-26 20:14:06.572454,297.32
user_00208,SP,2023-09-27 20:14:06.572454,233.15
user_00209,SP,2023-09-27 20:14:06.572454,603.19
user_00210,RJ,2023-09-27 20:14:06.572454,262.14
user_00211,PR,2023-09-27 20:14:06.572454,134.62
user_00212,PR,2023-09-27 20:14:06.572454,540.3
user_00213,SP,2023-09-27 20:14:06.572454,205.67
user_00214,RS,2023-09-28 20:14:06.572454,372.87
user_00215,SP,2023-09-28 20:14:06.572454,167.01
user_00216,MG,2023-09-28 20:14:06.572454,145.49
user_00217,RS,2023-09-28 20:14:06.572454,261.74
user_00218,PR,2023-09-28 20:14:06.572454,247.22
user_00219,SC,2023-09-28 20:14:06.572454,359.19
user_00220,PR,2023-09-28 20:14:06.572454,197.37
user_00221,BA,2023-09-28 20:14:06.572454,56.31
user_00222,SP,2023-09-28 20:14:06.572454,173.08
user_00223,MG,2023-09-29 20:14:06.572454,461.76
user_00224,MG,2023-09-29 20:14:06.572454,192.89
user_00225,SP,2023-09-29 20:14:06.572454,200.92
user_00226,CE,2023-09-29 20:14:06.572454,538.67
user_00227,MG,2023-09-29 20:14:06.572454,138.44
user_00228,GO,2023-09-30 20:14:06.572454,71.22
user_00229,PR,2023-09-30 20:14:06.572454,215.18
user_00230,SC,2023-09-30 20:14:06.572454,166.11
user_00231,RJ,2023-09-30 20:14:06.572454,112.96
user_00232,BA,2023-09-30 20:14:06.572454,212.66
user_00233,RJ,2023-09-30 20:14:06.572454,362.57
user_00234,SP,2023-09-30 20:14:06.572454,242.88
user_00235,RS,2023-09-30 20:14:06.572454,312.81
user_00236,MG,2023-09-30 20:14:06.572454,1416.9953810495483
user_00237,SP,2023-10-01 20:14:06.572454,185.99
user_00238,PR,2023-10-01 20:14:06.572454,305.72
user_00239,SP,2023-10-01 20:14:06.572454,162.82
user_00240,DF,2023-10-01 20:14:06.572454,124.33
user_00241,PE,2023-10-02 20:14:06.572454,153.25
user_00242,DF,2023-10-02 20:14:06.572454,166.83
user_00243,MG,2023-10-02 20:14:06.572454,326.22
user_00244,SP,2023-10-02 20:14:06.572454,1070.1425063939835
user_00245,DF,2023-10-02 20:14:06.572454,137.99
user_00246,RJ,2023-10-02 20:14:06.572454,175.34
user_00247,PE,2023-10-03 20:14:06.572454,232.64
user_00248,PE,2023-10-03 20:14:06.572454,335.84
user_00249,GO,2023-10-03 20:14:06.572454,302.12
user_00250,MG,2023-10-03 20:14:06.572454,683.53
user_00251,MG,2023-10-03 20:14:06.572454,35.12
user_00252,GO,2023-10-03 20:14:06.572454,36.25
user_00253,MG,2023-10-04 20:14:06.572454,164.56
user_00254,SP,2023-10-04 20:14:06.572454,588.65
user_00255,BA,2023-10-04 20:14:06.572454,69.93
user_00256,DF,2023-10-04 20:14:06.572454,22.06
user_00257,PR,2023-10-04 20:14:06.572454,386.43
user_00258,BA,2023-10-04 20:14:06.572454,297.35
user_00259,SP,2023-10-04 20:14:06.572454,102.29
user_00260,PR,2023-10-05 20:14:06.572454,111.23
user_00261,AM,2023-10-05 20:14:06.572454,112.64
user_00262,SP,2023-10-05 20:14:06.572454,267.32
user_00263,RJ,2023-10-05 20:14:06.572454,148.26
user_00264,GO,2023-10-05 20:14:06.572454,363.31
user_00265,RS,2023-10-05 20:14:06.572454,24.94
user_00266,PR,2023-10-05 20:14:06.572454,123.29
user_00267,RS,2023-10-05 20:14:06.572454,99.4
user_00268,MG,2023-10-06 20:14:06.572454,199.32
user_00269,MG,2023-10-06 20:14:06.572454,159.1
user_00270,SC,2023-10-06 20:14:06.572454,463.25
user_00271,SC,2023-10-06 20:14:06.572454,55.29
user_00272,GO,2023-10-06 20:14:06.572454,253.76
user_00273,DF,2023-10-06 20:14:06.572454,382.48
user_00274,RJ,2023-10-06 20:14:06.572454,1443.282056315576
user_00275,RJ,2023-10-06 20:14:06.572454,166.43
user_00276,SC,2023-10-06 20:14:06.572454,317.21
user_00277,PR,2023-10-06 20:14:06.572454,57.8
user_00278,RS,2023-10-06 20:14:06.572454,36.11
user_00279,SC,2023-10-07 20:14:06.572454,480.98
user_00280,GO,2023-10-07 20:14:06.572454,243.61
user_00281,MG,2023-10-07 20:14:06.572454,628.17
user_00282,MG,2023-10-07 20:14:06.572454,81.56
user_00283,SP,2023-10-07 20:14:06.572454,370.9
user_00284,BA,2023-10-07 20:14:06.572454,1364.8863186680787
user_00285,SP,2023-10-07 20:14:06.572454,342.33
user_00286,RJ,2023-10-08 20:14:06.572454,305.29
user_00287,RJ,2023-10-08 20:14:06.572454,246.37
user_00288,MG,2023-10-08 20:14:06.572454,69.64
user_00289,BA,2023-10-08 20:14:06.572454,723.76
user_00290,SP,2023-10-09 20:14:06.572454,150.1
user_00291,SP,2023-10-09 20:14:06.572454,366.35
user_00292,SC,2023-10-09 20:14:06.572454,70.08
user_00293,MG,2023-10-09 20:14:06.572454,95.24
user_00294,SP,2023-10-09 20:14:06.572454,771.29
user_00295,RJ,2023-10-09 20:14:06.572454,185.33
user_00296,RS,2023-10-09 20:14:06.572454,782.6
user_00297,SP,2023-10-09 20:14:06.572454,229.85
user_00298,PR,2023-10-10 20:14:06.572454,56.06
user_00299,SP,2023-10-10 20:14:06.572454,499.52
user_00300,SP,2023-10-10 20:14:06.572454,152.64
user_00301,RJ,2023-10-10 20:14:06.572454,427.93
user_00302,RJ,2023-10-10 20:14:06.572454,249.68
user_00303,PR,2023-10-10 20:14:06.572454,71.2
user_00304,RS,2023-10-11 20:14:06.572454,279.06
user_00305,CE,2023-10-11 20:14:06.572454,1082.3351312536524
user_00306,RJ,2023-10-11 20:14:06.572454,363.0
user_00307,MG,2023-10-11 20:14:06.572454,233.69
user_00308,SC,2023-10-11 20:14:06.572454,578.41
user_00309,MG,2023-10-11 20:14:06.572454,289.61
user_00310,RJ,2023-10-11 20:14:06.572454,289.35
user_00311,SP,2023-10-11 20:14:06.572454,102.18
user_00312,SP,2023-10-11 20:14:06.572454,295.03
user_00313,PE,2023-10-11 20:14:06.572454,560.23
user_00314,SC,2023-10-11 20:14:06.572454,125.36
user_00315,PR,2023-10-12 20:14:06.572454,764.79
user_00316,RJ,2023-10-12 20:14:06.572454,227.38
user_00317,SP,2023-10-12 20:14:06.572454,120.28
user_00318,SP,2023-10-12 20:14:06.572454,543.54
user_00319,MG,2023-10-12 20:14:06.572454,194.53
user_00320,RJ,2023-10-12 20:14:06.572454,449.26
user_00321,RS,2023-10-12 20:14:06.572454,193.75
user_00322,PR,2023-10-13 20:14:06.572454,233.26
user_00323,MG,2023-10-13 20:14:06.572454,363.16
user_00324,PE,2023-10-13 20:14:06.572454,308.81
user_00325,RS,2023-10-13 20:14:06.572454,49.58
user_00326,BA,2023-10-13 20:14:06.572454,99.78
user_00327,PR,2023-10-13 20:14:06.572454,514.67
user_00328,RJ,2023-10-13 20:14:06.572454,220.15
user_00329,SP,2023-10-13 20:14:06.572454,160.94
user_00330,MG,2023-10-14 20:14:06.572454,82.53
user_00331,RS,2023-10-14 20:14:06.572454,103.15
user_00332,SP,2023-10-14 20:14:06.572454,48.55
user_00333,SP,2023-10-14 20:14:06.572454,225.65
user_00334,SP,2023-10-14 20:14:06.572454,151.6
user_00335,SP,2023-10-14 20:14:06.572454,112.93
user_00336,GO,2023-10-15 20:14:06.572454,231.71
user_00337,RS,2023-10-15 20:14:06.572454,327.4
user_00338,RJ,2023-10-15 20:14:06.572454,1282.908996429734
user_00339,SP,2023-10-15 20:14:06.572454,73.0
user_00340,RJ,2023-10-15 20:14:06.572454,618.63
user_00341,RJ,2023-10-15 20:14:06.572454,532.98
user_00342,SP,2023-10-16 20:14:06.572454,131.2
user_00343,RJ,2023-10-16 20:14:06.572454,287.89
user_00344,MG,2023-10-16 20:14:06.572454,169.68
user_00345,PR,2023-10-16 20:14:06.572454,283.88
user_00346,PR,2023-10-16 20:14:06.572454,818.36
user_00347,SP,2023-10-17 20:14:06.572454,397.22
user_00348,MG,2023-10-17 20:14:06.572454,367.56
user_00349,PR,2023-10-17 20:14:06.572454,173.43
user_00350,RJ,2023-10-17 20:14:06.572454,74.65
user_00351,GO,2023-10-17 20:14:06.572454,207.1
user_00352,PR,2023-10-17 20:14:06.572454,642.45
user_00353,SP,2023-10-17 20:14:06.572454,72.12
user_00354,SP,2023-10-17 20:14:06.572454,105.21
user_00355,PR,2023-10-18 20:14:06.572454,270.7
user_00356,SP,2023-10-18 20:14:06.572454,111.31
user_00357,BA,2023-10-18 20:14:06.572454,129.8
user_00358,DF,2023-10-18 20:14:06.572454,174.36
user_00359,BA,2023-10-18 20:14:06.572454,82.06
user_00360,MG,2023-10-19 20:14:06.572454,112.25
user_00361,PR,2023-10-19 20:14:06.572454,429.55
user_00362,RJ,2023-10-19 20:14:06.572454,85.98
user_00363,RJ,2023-10-19 20:14:06.572454,68.15
user_00364,DF,2023-10-19 20:14:06.572454,147.82
user_00365,MG,2023-10-19 20:14:06.572454,439.47
user_00366,PE,2023-10-19 20:14:06.572454,209.03
user_00367,DF,2023-10-19 20:14:06.572454,168.74
user_00368,SP,2023-10-20 20:14:06.572454,253.53
user_00369,SP,2023-10-20 20:14:06.572454,60.55
user_00370,SP,2023-10-20 20:14:06.572454,363.49
user_00371,SP,2023-10-20 20:14:06.572454,332.54
user_00372,SP,2023-10-20 20:14:06.572454,176.36
user_00373,PR,2023-10-20 20:14:06.572454,547.16
user_00374,SP,2023-10-20 20:14:06.572454,99.29
user_00375,MG,2023-10-20 20:14:06.572454,603.25
user_00376,SC,2023-10-21 20:14:06.572454,276.88
user_00377,SP,2023-10-21 20:14:06.572454,186.93
user_00378,SC,2023-10-21 20:14:06.572454,240.83
user_00379,MG,2023-10-21 20:14:06.572454,224.57
user_00380,SP,2023-10-21 20:14:06.572454,649.52
user_00381,PR,2023-10-21 20:14:06.572454,103.41
user_00382,PR,2023-10-21 20:14:06.572454,132.95
user_00383,GO,2023-10-21 20:14:06.572454,560.62
user_00384,RS,2023-10-22 20:14:06.572454,151.95
user_00385,SC,2023-10-22 20:14:06.572454,502.92
user_00386,MG,2023-10-22 20:14:06.572454,952.94
user_00387,SP,2023-10-22 20:14:06.572454,177.43
user_00388,RS,2023-10-22 20:14:06.572454,422.04
user_00389,SC,2023-10-22 20:14:06.572454,97.23
user_00390,AM,2023-10-22 20:14:06.572454,447.55
user_00391,RJ,2023-10-23 20:14:06.572454,287.02
user_00392,MG,2023-10-23 20:14:06.572454,357.25
user_00393,RS,2023-10-23 20:14:06.572454,145.99
user_00394,MG,2023-10-23 20:14:06.572454,64.79
user_00395,DF,2023-10-23 20:14:06.572454,365.99
user_00396,GO,2023-10-23 20:14:06.572454,46.96
user_00397,RJ,2023-10-23 20:14:06.572454,189.83
user_00398,RS,2023-10-23 20:14:06.572454,519.54
user_00399,RS,2023-10-24 20:14:06.572454,285.29
user_00400,SP,2023-10-24 20:14:06.572454,1156.3281571776097
user_00401,DF,2023-10-24 20:14:06.572454,555.62
user_00402,RJ,2023-10-24 20:14:06.572454,145.02
user_00403,SC,2023-10-24 20:14:06.572454,250.1
user_00404,MG,2023-10-24 20:14:06.572454,235.59
user_00405,GO,2023-10-24 20:14:06.572454,69.01
user_00406,MG,2023-10-25 20:14:06.572454,115.32
user_00407,SP,2023-10-25 20:14:06.572454,156.24
user_00408,DF,2023-10-25 20:14:06.572454,47.99
user_00409,SP,2023-10-25 20:14:06.572454,254.17
user_00410,MG,2023-10-25 20:14:06.572454,200.49
user_00411,PE,2023-10-25 20:14:06.572454,64.18
user_00412,PE,2023-10-25 20:14:06.572454,338.11
user_00413,BA,2023-10-26 20:14:06.572454,433.85
user_00414,PR,2023-10-26 20:14:06.572454,293.43
user_00415,RJ,2023-10-26 20:14:06.572454,188.81
user_00416,MG,2023-10-26 20:14:06.572454,392.74
user_00417,MG,2023-10-27 20:14:06.572454,421.65
user_00418,PR,2023-10-27 20:14:06.572454,312.91
user_00419,RS,2023-10-27 20:14:06.572454,126.51
user_00420,SC,2023-10-27 20:14:06.572454,305.3
user_00421,SC,2023-10-27 20:14:06.572454,636.75
user_00422,SP,2023-10-27 20:14:06.572454,151.82
user_00423,RJ,2023-10-28 20:14:06.572454,1089.1165494557918
user_00424,SP,2023-10-28 20:14:06.572454,160.69
user_00425,RJ,2023-10-28 20:14:06.572454,251.12
user_00426,RJ,2023-10-28 20:14:06.572454,142.88
user_00427,GO,2023-10-28 20:14:06.572454,292.54
user_00428,MG,2023-10-29 20:14:06.572454,60.72
user_00429,SP,2023-10-29 20:14:06.572454,158.09
user_00430,SP,2023-10-29 20:14:06.572454,102.14
user_00431,RS,2023-10-29 20:14:06.572454,272.67
user_00432,PR,2023-10-29 20:14:06.572454,542.16
user_00433,SP,2023-10-29 20:14:06.572454,410.27
user_00434,SP,2023-10-29 20:14:06.572454,36.7
user_00435,RS,2023-10-29 20:14:06.572454,1429.5910997055541
user_00436,SP,2023-10-30 20:14:06.572454,309.89
user_00437,SC,2023-10-30 20:14:06.572454,131.47
user_00438,RS,2023-10-30 20:14:06.572454,277.47
user_00439,SP,2023-10-30 20:14:06.572454,281.73
user_00440,SP,2023-10-30 20:14:06.572454,143.53
user_00441,CE,2023-10-30 20:14:06.572454,286.67
user_00442,MG,2023-10-30 20:14:06.572454,150.51
user_00443,MG,2023-10-30 20:14:06.572454,177.06
user_00444,SC,2023-10-30 20:14:06.572454,141.31
user_00445,DF,2023-10-30 20:14:06.572454,77.78
user_00446,CE,2023-10-30 20:14:06.572454,274.97
user_00447,RS,2023-10-31 20:14:06.572454,390.82
user_00448,MG,2023-10-31 20:14:06.572454,369.41
user_00449,SP,2023-10-31 20:14:06.572454,471.51
user_00450,RS,2023-10-31 20:14:06.572454,317.18
user_00451,BA,2023-10-31 20:14:06.572454,159.78
user_00452,RJ,2023-11-01 20:14:06.572454,479.01
user_00453,DF,2023-11-01 20:14:06.572454,82.6
user_00454,SP,2023-11-01 20:14:06.572454,119.04
user_00455,RJ,2023-11-01 20:14:06.572454,113.14
user_00456,SP,2023-11-01 20:14:06.572454,580.59
user_00457,RJ,2023-11-01 20:14:06.572454,520.21
user_00458,SP,2023-11-02 20:14:06.572454,361.35
user_00459,SP,2023-11-02 20:14:06.572454,576.83
user_00460,SP,2023-11-02 20:14:06.572454,121.09
user_00461,PR,2023-11-03 20:14:06.572454,323.4
user_00462,RS,2023-11-03 20:14:06.572454,221.38
user_00463,BA,2023-11-03 20:14:06.572454,481.79
user_00464,PE,2023-11-03 20:14:06.572454,223.14
user_00465,MG,2023-11-03 20:14:06.572454,179.84
user_00466,MG,2023-11-03 20:14:06.572454,377.18
user_00467,GO,2023-11-03 20:14:06.572454,493.21
user_00468,SP,2023-11-04 20:14:06.572454,143.35
user_00469,PE,2023-11-04 20:14:06.572454,233.02
user_00470,SP,2023-11-04 20:14:06.572454,104.93
user_00471,PE,2023-11-04 20:14:06.572454,33.17
user_00472,SP,2023-11-04 20:14:06.572454,287.25
user_00473,GO,2023-11-04 20:14:06.572454,398.27
user_00474,RJ,2023-11-04 20:14:06.572454,301.77
user_00475,AM,2023-11-04 20:14:06.572454,51.44
user_00476,SP,2023-11-04 20:14:06.572454,184.81
user_00477,BA,2023-11-04 20:14:06.572454,41.48
user_00478,PE,2023-11-04 20:14:06.572454,731.99
user_00479,RJ,2023-11-04 20:14:06.572454,102.63
user_00480,PR,2023-11-04 20:14:06.572454,668.02
user_00481,PR,2023-11-05 20:14:06.572454,521.49
user_00482,RJ,2023-11-05 20:14:06.572454,119.05
user_00483,PR,2023-11-05 20:14:06.572454,98.87
user_00484,BA,2023-11-05 20:14:06.572454,323.86
user_00485,DF,2023-11-05 20:14:06.572454,124.53
user_00486,SP,2023-11-05 20:14:06.572454,265.6
user_00487,MG,2023-11-05 20:14:06.572454,166.29
user_00488,PE,2023-11-05 20:14:06.572454,58.85
user_00489,GO,2023-11-05 20:14:06.572454,41.08
user_00490,RJ,2023-11-05 20:14:06.572454,293.34
user_00491,PR,2023-11-06 20:14:06.572454,156.14
user_00492,MG,2023-11-06 20:14:06.572454,157.2
user_00493,SP,2023-11-06 20:14:06.572454,426.96
user_00494,RJ,2023-11-06 20:14:06.572454,625.63
user_00495,MG,2023-11-06 20:14:06.572454,196.76
user_00496,BA,2023-11-06 20:14:06.572454,186.33
user_00497,SP,2023-11-06 20:14:06.572454,365.08
user_00498,CE,2023-11-07 20:14:06.572454,82.64
user_00499,CE,2023-11-07 20:14:06.572454,292.52
user_00500,PR,2023-11-07 20:14:06.572454,380.51
user_00501,RJ,2023-11-07 20:14:06.572454,421.65
user_00502,MG,2023-11-07 20:14:06.572454,51.97
user_00503,SC,2023-11-07 20:14:06.572454,133.08
user_00504,PR,2023-11-08 20:14:06.572454,121.19
user_00505,SP,2023-11-08 20:14:06.572454,265.05
user_00506,DF,2023-11-08 20:14:06.572454,359.46
user_00507,SC,2023-11-08 20:14:06.572454,810.27
user_00508,DF,2023-11-08 20:14:06.572454,164.68
user_00509,RS,2023-11-08 20:14:06.572454,164.34
user_00510,PR,2023-11-08 20:14:06.572454,613.84
user_00511,RJ,2023-11-09 20:14:06.572454,310.21
user_00512,DF,2023-11-09 20:14:06.572454,674.6
user_00513,GO,2023-11-09 20:14:06.572454,308.27
user_00514,SP,2023-11-09 20:14:06.572454,96.96
user_00515,SP,2023-11-09 20:14:06.572454,84.23
user_00516,MG,2023-11-09 20:14:06.572454,70.72
user_00517,SC,2023-11-09 20:14:06.572454,415.57
user_00518,CE,2023-11-09 20:14:06.572454,633.26
user_00519,SP,2023-11-09 20:14:06.572454,1201.7613832536147
user_00520,BA,2023-11-09 20:14:06.572454,480.34
user_00521,MG,2023-11-09 20:14:06.572454,620.34
user_00522,PE,2023-11-09 20:14:06.572454,153.85
user_00523,SC,2023-11-09 20:14:06.572454,97.02
user_00524,SC,2023-11-10 20:14:06.572454,483.02
user_00525,RJ,2023-11-10 20:14:06.572454,341.77
user_00526,RJ,2023-11-10 20:14:06.572454,266.65
user_00527,MG,2023-11-11 20:14:06.572454,333.58
user_00528,SP,2023-11-11 20:14:06.572454,316.89
user_00529,GO,2023-11-11 20:14:06.572454,683.38
user_00530,SC,2023-11-11 20:14:06.572454,689.52
user_00531,AM,2023-11-11 20:14:06.572454,378.18
user_00532,AM,2023-11-11 20:14:06.572454,481.37
user_00533,BA,2023-11-11 20:14:06.572454,369.17
user_00534,RS,2023-11-11 20:14:06.572454,169.2
user_00535,DF,2023-11-12 20:14:06.572454,448.21
user_00536,SC,2023-11-12 20:14:06.572454,80.19
user_00537,SP,2023-11-12 20:14:06.572454,568.56
user_00538,RJ,2023-11-12 20:14:06.572454,94.1
user_00539,SP,2023-11-12 20:14:06.572454,307.55
user_00540,PE,2023-11-12 20:14:06.572454,124.45
user_00541,PR,2023-11-12 20:14:06.572454,380.97
user_00542,SP,2023-11-12 20:14:06.572454,238.14
user_00543,PR,2023-11-12 20:14:06.572454,68.32
user_00544,PR,2023-11-13 20:14:06.572454,342.6
user_00545,MG,2023-11-13 20:14:06.572454,154.11
user_00546,SP,2023-11-13 20:14:06.572454,495.18
user_00547,PR,2023-11-13 20:14:06.572454,244.95
user_00548,RJ,2023-11-13 20:14:06.572454,335.74
user_00549,RS,2023-11-13 20:14:06.572454,113.74
user_00550,RJ,2023-11-14 20:14:06.572454,152.71
user_00551,GO,2023-11-14 20:14:06.572454,169.54
user_00552,BA,2023-11-14 20:14:06.572454,485.59
user_00553,BA,2023-11-15 20:14:06.572454,936.27
user_00554,GO,2023-11-15 20:14:06.572454,128.49
user_00555,RJ,2023-11-15 20:14:06.572454,579.1
user_00556,SP,2023-11-15 20:14:06.572454,43.13
user_00557,SP,2023-11-15 20:14:06.572454,94.13
user_00558,RS,2023-11-15 20:14:06.572454,113.63
user_00559,PR,2023-11-15 20:14:06.572454,82.93
user_00560,RS,2023-11-15 20:14:06.572454,68.93
user_00561,SP,2023-11-15 20:14:06.572454,340.49
user_00562,SP,2023-11-16 20:14:06.572454,206.18
user_00563,SP,2023-11-16 20:14:06.572454,331.47
user_00564,MG,2023-11-16 20:14:06.572454,425.12
user_00565,BA,2023-11-16 20:14:06.572454,302.62
user_00566,MG,2023-11-16 20:14:06.572454,414.14
user_00567,RJ,2023-11-16 20:14:06.572454,231.45
user_00568,DF,2023-11-16 20:14:06.572454,94.67
user_00569,MG,2023-11-16 20:14:06.572454,570.35
user_00570,RJ,2023-11-16 20:14:06.572454,152.74
user_00571,SC,2023-11-17 20:14:06.572454,115.76
user_00572,MG,2023-11-17 20:14:06.572454,212.23
user_00573,PR,2023-11-17 20:14:06.572454,117.89
user_00574,GO,2023-11-17 20:14:06.572454,175.22
user_00575,DF,2023-11-17 20:14:06.572454,322.22
user_00576,SP,2023-11-17 20:14:06.572454,323.33
user_00577,DF,2023-11-18 20:14:06.572454,119.31
user_00578,RJ,2023-11-18 20:14:06.572454,165.64
user_00579,MG,2023-11-18 20:14:06.572454,577.94
user_00580,RJ,2023-11-18 20:14:06.572454,363.99
user_00581,CE,2023-11-18 20:14:06.572454,1199.2718571826913
user_00582,RJ,2023-11-18 20:14:06.572454,628.98
user_00583,MG,2023-11-18 20:14:06.572454,611.21
user_00584,PR,2023-11-19 20:14:06.572454,80.62
user_00585,SP,2023-11-19 20:14:06.572454,450.83
user_00586,SP,2023-11-19 20:14:06.572454,234.51
user_00587,SP,2023-11-19 20:14:06.572454,157.47
user_00588,SP,2023-11-20 20:14:06.572454,279.89
user_00589,SP,2023-11-20 20:14:06.572454,521.22
user_00590,SP,2023-11-20 20:14:06.572454,365.28
user_00591,PR,2023-11-20 20:14:06.572454,121.17
user_00592,SP,2023-11-20 20:14:06.572454,443.18
user_00593,MG,2023-11-20 20:14:06.572454,146.93
user_00594,GO,2023-11-21 20:14:06.572454,291.01
user_00595,RJ,2023-11-21 20:14:06.572454,191.97
user_00596,PR,2023-11-21 20:14:06.572454,205.39
user_00597,SP,2023-11-21 20:14:06.572454,451.69
user_00598,SP,2023-11-21 20:14:06.572454,106.47
user_00599,SP,2023-11-21 20:14:06.572454,1084.9433374033101
user_00600,SP,2023-11-21 20:14:06.572454,57.0
user_00601,MG,2023-11-21 20:14:06.572454,151.69
user_00602,SP,2023-11-21 20:14:06.572454,329.04
user_00603,SP,2023-11-22 20:14:06.572454,390.51
user_00604,SP,2023-11-22 20:14:06.572454,225.79
user_00605,RJ,2023-11-22 20:14:06.572454,233.71
user_00606,SP,2023-11-22 20:14:06.572454,339.83
user_00607,MG,2023-11-22 20:14:06.572454,203.39
user_00608,RJ,2023-11-22 20:14:06.572454,745.87
user_00609,PR,2023-11-22 20:14:06.572454,478.89
user_00610,SP,2023-11-22 20:14:06.572454,491.89
user_00611,SC,2023-11-22 20:14:06.572454,112.96
user_00612,PR,2023-11-22 20:14:06.572454,229.63
user_00613,SP,2023-11-22 20:14:06.572454,192.41
user_00614,GO,2023-11-22 20:14:06.572454,109.46
user_00615,DF,2023-11-23 20:14:06.572454,326.4
user_00616,SP,2023-11-23 20:14:06.572454,159.16
user_00617,MG,2023-11-23 20:14:06.572454,413.36
user_00618,SC,2023-11-23 20:14:06.572454,103.94
user_00619,RS,2023-11-24 20:14:06.572454,968.0
user_00620,SP,2023-11-24 20:14:06.572454,119.45
user_00621,SP,2023-11-24 20:14:06.572454,291.62
user_00622,MG,2023-11-24 20:14:06.572454,461.04
user_00623,RJ,2023-11-24 20:14:06.572454,155.01
user_00624,PR,2023-11-24 20:14:06.572454,483.95
user_00625,MG,2023-11-24 20:14:06.572454,91.53
user_00626,RJ,2023-11-24 20:14:06.572454,781.87
user_00627,RS,2023-11-24 20:14:06.572454,247.48
user_00628,SP,2023-11-24 20:14:06.572454,151.85
user_00629,MG,2023-11-24 20:14:06.572454,192.61
user_00630,RS,2023-11-24 20:14:06.572454,467.38
user_00631,GO,2023-11-24 20:14:06.572454,153.31
user_00632,RJ,2023-11-24 20:14:06.572454,134.36
user_00633,RJ,2023-11-24 20:14:06.572454,204.95
user_00634,SP,2023-11-24 20:14:06.572454,95.43
user_00635,RJ,2023-11-25 20:14:06.572454,1191.5328380428894
user_00636,RJ,2023-11-25 20:14:06.572454,155.54
user_00637,SP,2023-11-25 20:14:06.572454,475.94
user_00638,MG,2023-11-26 20:14:06.572454,289.33
user_00639,MG,2023-11-26 20:14:06.572454,111.32
user_00640,SP,2023-11-26 20:14:06.572454,243.53
user_00641,MG,2023-11-26 20:14:06.572454,458.15
user_00642,SP,2023-11-26 20:14:06.572454,210.48
user_00643,MG,2023-11-26 20:14:06.572454,635.55
user_00644,SP,2023-11-26 20:14:06.572454,554.03
user_00645,GO,2023-11-26 20:14:06.572454,510.37
user_00646,BA,2023-11-27 20:14:06.572454,169.4
user_00647,PR,2023-11-27 20:14:06.572454,103.14
user_00648,SC,2023-11-27 20:14:06.572454,149.77
user_00649,RJ,2023-11-28 20:14:06.572454,286.29
user_00650,SP,2023-11-28 20:14:06.572454,378.66
user_00651,RJ,2023-11-28 20:14:06.572454,43.07
user_00652,BA,2023-11-28 20:14:06.572454,243.11
user_00653,RS,2023-11-28 20:14:06.572454,277.68
user_00654,RJ,2023-11-28 20:14:06.572454,195.97
user_00655,SP,2023-11-28 20:14:06.572454,687.47
user_00656,MG,2023-11-28 20:14:06.572454,342.89
user_00657,MG,2023-11-28 20:14:06.572454,697.95
user_00658,PR,2023-11-28 20:14:06.572454,205.87
user_00659,BA,2023-11-29 20:14:06.572454,518.0
user_00660,MG,2023-11-29 20:14:06.572454,905.11
user_00661,CE,2023-11-29 20:14:06.572454,698.79
user_00662,PR,2023-11-29 20:14:06.572454,102.13
user_00663,SP,2023-11-29 20:14:06.572454,199.75
user_00664,SP,2023-11-29 20:14:06.572454,185.65
user_00665,SP,2023-11-29 20:14:06.572454,361.91
user_00666,SP,2023-11-30 20:14:06.572454,423.72
user_00667,SP,2023-11-30 20:14:06.572454,125.07
user_00668,SP,2023-11-30 20:14:06.572454,258.34
user_00669,MG,2023-11-30 20:14:06.572454,48.62
user_00670,SP,2023-11-30 20:14:06.572454,775.54
user_00671,GO,2023-11-30 20:14:06.572454,162.41
user_00672,SP,2023-12-01 20:14:06.572454,255.88
user_00673,RJ,2023-12-01 20:14:06.572454,191.0
user_00674,RJ,2023-12-01 20:14:06.572454,612.05
user_00675,CE,2023-12-01 20:14:06.572454,25.28
user_00676,SP,2023-12-01 20:14:06.572454,241.46
user_00677,MG,2023-12-01 20:14:06.572454,224.83
user_00678,PE,2023-12-01 20:14:06.572454,170.22
user_00679,GO,2023-12-01 20:14:06.572454,973.58
user_00680,SC,2023-12-01 20:14:06.572454,120.32
user_00681,MG,2023-12-01 20:14:06.572454,453.7
user_00682,SP,2023-12-01 20:14:06.572454,325.38
user_00683,PR,2023-12-02 20:14:06.572454,671.3
user_00684,DF,2023-12-02 20:14:06.572454,143.49
user_00685,BA,2023-12-02 20:14:06.572454,136.13
user_00686,BA,2023-12-02 20:14:06.572454,588.08
user_00687,MG,2023-12-02 20:14:06.572454,343.87
user_00688,RS,2023-12-02 20:14:06.572454,71.1
user_00689,SP,2023-12-02 20:14:06.572454,158.94
user_00690,MG,2023-12-02 20:14:06.572454,333.32
user_00691,RJ,2023-12-02 20:14:06.572454,478.29
user_00692,RJ,2023-12-03 20:14:06.572454,142.11
user_00693,SP,2023-12-03 20:14:06.572454,23.77
user_00694,SP,2023-12-03 20:14:06.572454,371.88
user_00695,PR,2023-12-03 20:14:06.572454,92.18
user_00696,MG,2023-12-03 20:14:06.572454,48.72
user_00697,BA,2023-12-03 20:14:06.572454,25.38
user_00698,SP,2023-12-03 20:14:06.572454,469.27
user_00699,RJ,2023-12-03 20:14:06.572454,271.21
user_00700,RJ,2023-12-03 20:14:06.572454,204.28
user_00701,SP,2023-12-04 20:14:06.572454,743.39
user_00702,MG,2023-12-04 20:14:06.572454,407.43
user_00703,SP,2023-12-04 20:14:06.572454,891.62
user_00704,SP,2023-12-04 20:14:06.572454,80.3
user_00705,CE,2023-12-04 20:14:06.572454,238.02
user_00706,MG,2023-12-04 20:14:06.572454,67.13
user_00707,SC,2023-12-04 20:14:06.572454,203.67
user_00708,MG,2023-12-04 20:14:06.572454,200.56
user_00709,PR,2023-12-04 20:14:06.572454,403.95
user_00710,RS,2023-12-04 20:14:06.572454,253.78
user_00711,BA,2023-12-05 20:14:06.572454,402.92
user_00712,RJ,2023-12-05 20:14:06.572454,429.56
user_00713,RJ,2023-12-05 20:14:06.572454,1435.8084231644252
user_00714,MG,2023-12-05 20:14:06.572454,190.14
user_00715,DF,2023-12-05 20:14:06.572454,115.26
user_00716,SC,2023-12-05 20:14:06.572454,297.93
user_00717,PE,2023-12-06 20:14:06.572454,128.79
user_00718,SP,2023-12-06 20:14:06.572454,800.77
user_00719,RS,2023-12-06 20:14:06.572454,195.08
user_00720,DF,2023-12-06 20:14:06.572454,155.64
user_00721,SP,2023-12-07 20:14:06.572454,167.83
user_00722,SP,2023-12-07 20:14:06.572454,434.73
user_00723,RS,2023-12-07 20:14:06.572454,215.68
user_00724,BA,2023-12-07 20:14:06.572454,146.45
user_00725,SC,2023-12-07 20:14:06.572454,927.3
user_00726,SP,2023-12-07 20:14:06.572454,123.35
user_00727,SC,2023-12-07 20:14:06.572454,251.75
user_00728,SP,2023-12-07 20:14:06.572454,412.34
user_00729,SP,2023-12-08 20:14:06.572454,66.35
user_00730,SP,2023-12-08 20:14:06.572454,359.32
user_00731,SC,2023-12-08 20:14:06.572454,105.21
user_00732,PR,2023-12-08 20:14:06.572454,472.59
user_00733,RJ,2023-12-08 20:14:06.572454,113.28
user_00734,MG,2023-12-08 20:14:06.572454,425.9
user_00735,GO,2023-12-08 20:14:06.572454,592.69
user_00736,MG,2023-12-09 20:14:06.572454,487.43
user_00737,SC,2023-12-09 20:14:06.572454,299.18
user_00738,RJ,2023-12-09 20:14:06.572454,203.36
user_00739,MG,2023-12-09 20:14:06.572454,154.29
user_00740,RJ,2023-12-09 20:14:06.572454,793.8
user_00741,MG,2023-12-09 20:14:06.572454,139.83
user_00742,RS,2023-12-09 20:14:06.572454,106.73
user_00743,RJ,2023-12-09 20:14:06.572454,416.67
user_00744,SP,2023-12-09 20:14:06.572454,129.42
user_00745,GO,2023-12-10 20:14:06.572454,114.43
user_00746,MG,2023-12-10 20:14:06.572454,77.1
user_00747,RJ,2023-12-10 20:14:06.572454,166.28
user_00748,DF,2023-12-10 20:14:06.572454,229.02
user_00749,PR,2023-12-10 20:14:06.572454,297.22
user_00750,SP,2023-12-10 20:14:06.572454,523.77
user_00751,DF,2023-12-10 20:14:06.572454,372.98
user_00752,PR,2023-12-11 20:14:06.572454,210.04
user_00753,MG,2023-12-11 20:14:06.572454,208.81
user_00754,SP,2023-12-11 20:14:06.572454,368.02
user_00755,SC,2023-12-11 20:14:06.572454,677.26
user_00756,PR,2023-12-12 20:14:06.572454,270.71
user_00757,RJ,2023-12-12 20:14:06.572454,168.12
user_00758,GO,2023-12-12 20:14:06.572454,110.58
user_00759,SC,2023-12-12 20:14:06.572454,77.0
user_00760,SP,2023-12-12 20:14:06.572454,416.97
user_00761,MG,2023-12-13 20:14:06.572454,388.53
user_00762,SP,2023-12-13 20:14:06.572454,388.34
user_00763,RS,2023-12-13 20:14:06.572454,220.76
user_00764,SP,2023-12-13 20:14:06.572454,754.12
user_00765,BA,2023-12-13 20:14:06.572454,166.12
user_00766,RS,2023-12-14 20:14:06.572454,525.43
user_00767,GO,2023-12-14 20:14:06.572454,237.22
user_00768,MG,2023-12-14 20:14:06.572454,150.4
user_00769,SC,2023-12-14 20:14:06.572454,393.08
user_00770,SP,2023-12-14 20:14:06.572454,339.58
user_00771,SC,2023-12-14 20:14:06.572454,325.57
user_00772,SP,2023-12-14 20:14:06.572454,261.13
user_00773,MG,2023-12-15 20:14:06.572454,237.39
user_00774,SC,2023-12-15 20:14:06.572454,1181.564355244818
user_00775,SP,2023-12-15 20:14:06.572454,631.06
user_00776,SP,2023-12-15 20:14:06.572454,436.27
user_00777,RS,2023-12-15 20:14:06.572454,267.59
user_00778,RS,2023-12-15 20:14:06.572454,547.7
user_00779,PR,2023-12-15 20:14:06.572454,370.33
user_00780,PR,2023-12-15 20:14:06.572454,249.88
user_00781,RJ,2023-12-15 20:14:06.572454,191.93
user_00782,MG,2023-12-15 20:14:06.572454,229.35
user_00783,MG,2023-12-15 20:14:06.572454,19.37
user_00784,SP,2023-12-15 20:14:06.572454,289.59
user_00785,DF,2023-12-16 20:14:06.572454,165.54
user_00786,BA,2023-12-16 20:14:06.572454,874.92
user_00787,RJ,2023-12-16 20:14:06.572454,248.51
user_00788,RJ,2023-12-16 20:14:06.572454,94.52
user_00789,DF,2023-12-16 20:14:06.572454,235.12
user_00790,SP,2023-12-16 20:14:06.572454,105.96
user_00791,BA,2023-12-16 20:14:06.572454,357.35
user_00792,RJ,2023-12-16 20:14:06.572454,308.82
user_00793,PR,2023-12-16 20:14:06.572454,526.51
user_00794,SP,2023-12-17 20:14:06.572454,129.97
user_00795,GO,2023-12-17 20:14:06.572454,251.44
user_00796,DF,2023-12-17 20:14:06.572454,82.1
user_00797,BA,2023-12-17 20:14:06.572454,428.89
user_00798,PR,2023-12-17 20:14:06.572454,370.59
user_00799,DF,2023-12-17 20:14:06.572454,363.81
user_00800,RS,2023-12-17 20:14:06.572454,245.01
user_00801,SP,2023-12-17 20:14:06.572454,340.98
user_00802,BA,2023-12-17 20:14:06.572454,883.13
user_00803,PR,2023-12-17 20:14:06.572454,194.79
user_00804,RJ,2023-12-17 20:14:06.572454,273.39
user_00805,RS,2023-12-18 20:14:06.572454,102.63
user_00806,DF,2023-12-18 20:14:06.572454,122.17
user_00807,DF,2023-12-18 20:14:06.572454,264.61
user_00808,RJ,2023-12-19 20:14:06.572454,591.79
user_00809,SP,2023-12-19 20:14:06.572454,199.33
user_00810,CE,2023-12-19 20:14:06.572454,202.61
user_00811,SC,2023-12-19 20:14:06.572454,176.71
user_00812,SP,2023-12-19 20:14:06.572454,159.52
user_00813,DF,2023-12-19 20:14:06.572454,309.82
user_00814,GO,2023-12-19 20:14:06.572454,73.86
user_00815,RJ,2023-12-19 20:14:06.572454,681.81
user_00816,BA,2023-12-19 20:14:06.572454,143.69
user_00817,MG,2023-12-20 20:14:06.572454,435.95
user_00818,SP,2023-12-20 20:14:06.572454,88.59
user_00819,MG,2023-12-20 20:14:06.572454,417.83
user_00820,SC,2023-12-20 20:14:06.572454,418.87
user_00821,SP,2023-12-21 20:14:06.572454,332.74
user_00822,MG,2023-12-21 20:14:06.572454,110.44
user_00823,MG,2023-12-21 20:14:06.572454,298.76
user_00824,RJ,2023-12-21 20:14:06.572454,94.97
user_00825,DF,2023-12-21 20:14:06.572454,199.89
user_00826,MG,2023-12-21 20:14:06.572454,557.54
user_00827,MG,2023-12-21 20:14:06.572454,462.83
user_00828,RS,2023-12-22 20:14:06.572454,247.68
user_00829,RJ,2023-12-22 20:14:06.572454,112.19
user_00830,SP,2023-12-22 20:14:06.572454,410.13
user_00831,RJ,2023-12-22 20:14:06.572454,248.52
user_00832,SP,2023-12-22 20:14:06.572454,38.23
user_00833,SP,2023-12-22 20:14:06.572454,457.65
user_00834,RJ,2023-12-23 20:14:06.572454,239.99
user_00835,RJ,2023-12-23 20:14:06.572454,640.32
user_00836,DF,2023-12-23 20:14:06.572454,101.88
user_00837,MG,2023-12-23 20:14:06.572454,19.27
user_00838,BA,2023-12-23 20:14:06.572454,305.9
user_00839,PR,2023-12-23 20:14:06.572454,308.97
user_00840,SP,2023-12-24 20:14:06.572454,63.27
user_00841,PR,2023-12-24 20:14:06.572454,111.85
user_00842,SP,2023-12-24 20:14:06.572454,1475.801781249894
user_00843,PE,2023-12-24 20:14:06.572454,191.62
user_00844,SP,2023-12-24 20:14:06.572454,439.12
user_00845,RJ,2023-12-25 20:14:06.572454,145.4
user_00846,SP,2023-12-25 20:14:06.572454,45.96
user_00847,AM,2023-12-25 20:14:06.572454,213.53
user_00848,RJ,2023-12-25 20:14:06.572454,197.85
user_00849,BA,2023-12-25 20:14:06.572454,177.7
user_00850,SP,2023-12-26 20:14:06.572454,223.25
user_00851,RS,2023-12-26 20:14:06.572454,302.3
user_00852,SP,2023-12-26 20:14:06.572454,217.0
user_00853,GO,2023-12-26 20:14:06.572454,89.01
user_00854,SP,2023-12-26 20:14:06.572454,361.03
user_00855,SP,2023-12-26 20:14:06.572454,51.44
user_00856,SP,2023-12-26 20:14:06.572454,47.45
user_00857,RJ,2023-12-27 20:14:06.572454,442.02
user_00858,BA,2023-12-27 20:14:06.572454,367.09
user_00859,SP,2023-12-27 20:14:06.572454,233.71
user_00860,RS,2023-12-27 20:14:06.572454,80.13
user_00861,RJ,2023-12-28 20:14:06.572454,138.89
user_00862,RJ,2023-12-28 20:14:06.572454,198.3
user_00863,RJ,2023-12-28 20:14:06.572454,68.26
user_00864,RJ,2023-12-28 20:14:06.572454,135.47
user_00865,BA,2023-12-28 20:14:06.572454,412.35
user_00866,SP,2023-12-28 20:14:06.572454,766.51
user_00867,SP,2023-12-28 20:14:06.572454,174.94
user_00868,GO,2023-12-28 20:14:06.572454,448.18
user_00869,DF,2023-12-28 20:14:06.572454,52.92
user_00870,MG,2023-12-28 20:14:06.572454,414.7
user_00871,MG,2023-12-29 20:14:06.572454,128.62
user_00872,PR,2023-12-29 20:14:06.572454,312.9
user_00873,RJ,2023-12-29 20:14:06.572454,200.7
user_00874,SP,2023-12-29 20:14:06.572454,703.69
user_00875,SP,2023-12-29 20:14:06.572454,121.57
user_00876,RS,2023-12-29 20:14:06.572454,404.27
user_00877,PR,2023-12-30 20:14:06.572454,195.66
user_00878,SP,2023-12-30 20:14:06.572454,215.59
user_00879,SP,2023-12-30 20:14:06.572454,211.22
user_00880,SP,2023-12-30 20:14:06.572454,124.39
user_00881,PR,2023-12-30 20:14:06.572454,241.95
user_00882,SP,2023-12-31 20:14:06.572454,232.73
user_00883,SP,2023-12-31 20:14:06.572454,296.78
user_00884,SC,2023-12-31 20:14:06.572454,261.81
user_00885,SP,2023-12-31 20:14:06.572454,463.31
user_00886,PR,2023-12-31 20:14:06.572454,512.25
user_00887,SP,2023-12-31 20:14:06.572454,105.58
user_00888,SP,2024-01-01 20:14:06.572454,490.3
user_00889,SP,2024-01-01 20:14:06.572454,94.72
user_00890,RS,2024-01-01 20:14:06.572454,391.62
user_00891,GO,2024-01-01 20:14:06.572454,401.73
user_00892,SC,2024-01-01 20:14:06.572454,53.03
user_00893,MG,2024-01-01 20:14:06.572454,263.59
user_00894,PR,2024-01-01 20:14:06.572454,168.21
user_00895,SP,2024-01-01 20:14:06.572454,133.35
user_00896,MG,2024-01-01 20:14:06.572454,721.03
user_00897,GO,2024-01-02 20:14:06.572454,145.05
user_00898,SP,2024-01-02 20:14:06.572454,128.37
user_00899,SP,2024-01-02 20:14:06.572454,259.97
user_00900,SP,2024-01-02 20:14:06.572454,423.47
user_00901,SP,2024-01-02 20:14:06.572454,218.48
user_00902,SP,2024-01-02 20:14:06.572454,622.1
user_00903,BA,2024-01-03 20:14:06.572454,374.2
user_00904,RJ,2024-01-03 20:14:06.572454,42.84
user_00905,GO,2024-01-03 20:14:06.572454,160.2
user_00906,SC,2024-01-03 20:14:06.572454,156.1
user_00907,MG,2024-01-03 20:14:06.572454,359.06
user_00908,MG,2024-01-03 20:14:06.572454,29.97
user_00909,MG,2024-01-03 20:14:06.572454,1473.1544496041938
user_00910,BA,2024-01-03 20:14:06.572454,374.21
user_00911,MG,2024-01-03 20:14:06.572454,275.64
user_00912,PR,2024-01-03 20:14:06.572454,629.71
user_00913,RJ,2024-01-03 20:14:06.572454,1072.449329653673
user_00914,BA,2024-01-03 20:14:06.572454,491.08
user_00915,RJ,2024-01-04 20:14:06.572454,522.72
user_00916,MG,2024-01-04 20:14:06.572454,271.66
user_00917,DF,2024-01-04 20:14:06.572454,218.5
user_00918,RS,2024-01-04 20:14:06.572454,167.23
user_00919,SP,2024-01-04 20:14:06.572454,126.36
user_00920,GO,2024-01-04 20:14:06.572454,141.23
user_00921,RJ,2024-01-05 20:14:06.572454,83.06
user_00922,GO,2024-01-05 20:14:06.572454,230.28
user_00923,SC,2024-01-05 20:14:06.572454,63.58
user_00924,RJ,2024-01-05 20:14:06.572454,285.07
user_00925,SP,2024-01-05 20:14:06.572454,237.68
user_00926,MG,2024-01-05 20:14:06.572454,275.21
user_00927,RJ,2024-01-05 20:14:06.572454,161.14
user_00928,PR,2024-01-06 20:14:06.572454,1088.6556267613225
user_00929,MG,2024-01-06 20:14:06.572454,726.39
user_00930,SP,2024-01-06 20:14:06.572454,90.41
user_00931,SC,2024-01-06 20:14:06.572454,294.8
user_00932,CE,2024-01-06 20:14:06.572454,150.44
user_00933,RJ,2024-01-06 20:14:06.572454,108.68
user_00934,SP,2024-01-06 20:14:06.572454,83.76
user_00935,MG,2024-01-06 20:14:06.572454,345.77
user_00936,SP,2024-01-07 20:14:06.572454,141.87
user_00937,DF,2024-01-07 20:14:06.572454,530.73
user_00938,SP,2024-01-07 20:14:06.572454,541.87
user_00939,BA,2024-01-07 20:14:06.572454,734.46
user_00940,MG,2024-01-07 20:14:06.572454,123.73
user_00941,BA,2024-01-08 20:14:06.572454,357.91
user_00942,PR,2024-01-08 20:14:06.572454,405.84
user_00943,SC,2024-01-08 20:14:06.572454,167.45
user_00944,SP,2024-01-08 20:14:06.572454,131.97
user_00945,SP,2024-01-08 20:14:06.572454,886.8
user_00946,SP,2024-01-08 20:14:06.572454,293.53
user_00947,DF,2024-01-08 20:14:06.572454,406.98
user_00948,GO,2024-01-08 20:14:06.572454,126.77
user_00949,BA,2024-01-08 20:14:06.572454,92.26
user_00950,PR,2024-01-08 20:14:06.572454,155.16
user_00951,PR,2024-01-08 20:14:06.572454,221.58
user_00952,SP,2024-01-08 20:14:06.572454,104.44
user_00953,DF,2024-01-08 20:14:06.572454,242.77
user_00954,RJ,2024-01-08 20:14:06.572454,63.38
user_00955,MG,2024-01-09 20:14:06.572454,99.88
user_00956,RJ,2024-01-09 20:14:06.572454,418.52
user_00957,SP,2024-01-09 20:14:06.572454,396.64
user_00958,SP,2024-01-09 20:14:06.572454,178.84
user_00959,RS,2024-01-09 20:14:06.572454,108.4
user_00960,SP,2024-01-09 20:14:06.572454,107.56
user_00961,PR,2024-01-10 20:14:06.572454,181.52
user_00962,SP,2024-01-10 20:14:06.572454,409.78
user_00963,MG,2024-01-10 20:14:06.572454,514.19
user_00964,MG,2024-01-10 20:14:06.572454,164.48
user_00965,MG,2024-01-10 20:14:06.572454,97.24
user_00966,RS,2024-01-10 20:14:06.572454,303.16
user_00967,MG,2024-01-10 20:14:06.572454,126.62
user_00968,BA,2024-01-11 20:14:06.572454,161.64
user_00969,RJ,2024-01-11 20:14:06.572454,706.43
user_00970,PR,2024-01-11 20:14:06.572454,474.23
user_00971,DF,2024-01-11 20:14:06.572454,277.66
user_00972,RS,2024-01-11 20:14:06.572454,88.45
user_00973,SP,2024-01-11 20:14:06.572454,289.78
user_00974,SP,2024-01-11 20:14:06.572454,572.56
user_00975,MG,2024-01-11 20:14:06.572454,181.18
user_00976,BA,2024-01-11 20:14:06.572454,721.18
user_00977,SP,2024-01-11 20:14:06.572454,688.28
user_00978,RJ,2024-01-11 20:14:06.572454,926.1
user_00979,BA,2024-01-11 20:14:06.572454,312.37
user_00980,MG,2024-01-12 20:14:06.572454,391.47
user_00981,RS,2024-01-12 20:14:06.572454,758.51
user_00982,SP,2024-01-12 20:14:06.572454,349.99
user_00983,SP,2024-01-12 20:14:06.572454,163.86
user_00984,RS,2024-01-12 20:14:06.572454,170.91
user_00985,RJ,2024-01-13 20:14:06.572454,296.14
user_00986,PR,2024-01-13 20:14:06.572454,87.14
user_00987,RJ,2024-01-13 20:14:06.572454,218.2
user_00988,SP,2024-01-13 20:14:06.572454,588.3
user_00989,SC,2024-01-13 20:14:06.572454,42.39
user_00990,SC,2024-01-13 20:14:06.572454,835.13
user_00991,PR,2024-01-13 20:14:06.572454,600.58
user_00992,MG,2024-01-14 20:14:06.572454,169.39
user_00993,BA,2024-01-14 20:14:06.572454,377.93
user_00994,MG,2024-01-14 20:14:06.572454,245.31
user_00995,SP,2024-01-14 20:14:06.572454,654.58
user_00996,DF,2024-01-14 20:14:06.572454,537.08
user_00997,SP,2024-01-14 20:14:06.572454,79.83
user_00998,PE,2024-01-14 20:14:06.572454,391.43
user_00999,RJ,2024-01-15 20:14:06.572454,207.58
user_01000,SP,2024-01-15 20:14:06.572454,261.46
user_01001,RJ,2024-01-15 20:14:06.572454,136.66
user_01002,GO,2024-01-15 20:14:06.572454,990.8
user_01003,RS,2024-01-15 20:14:06.572454,562.31
user_01004,SC,2024-01-15 20:14:06.572454,135.39
user_01005,PR,2024-01-15 20:14:06.572454,84.13
user_01006,PR,2024-01-16 20:14:06.572454,179.73
user_01007,SC,2024-01-16 20:14:06.572454,346.4
user_01008,SP,2024-01-17 20:14:06.572454,296.53
user_01009,RJ,2024-01-17 20:14:06.572454,666.81
user_01010,SP,2024-01-17 20:14:06.572454,460.33
user_01011,CE,2024-01-17 20:14:06.572454,531.47
user_01012,DF,2024-01-17 20:14:06.572454,317.82
user_01013,SP,2024-01-17 20:14:06.572454,80.52
user_01014,RS,2024-01-17 20:14:06.572454,209.23
user_01015,DF,2024-01-18 20:14:06.572454,571.39
user_01016,SP,2024-01-18 20:14:06.572454,234.81
user_01017,BA,2024-01-18 20:14:06.572454,365.94
user_01018,DF,2024-01-19 20:14:06.572454,189.62
user_01019,SP,2024-01-19 20:14:06.572454,107.36
user_01020,PR,2024-01-19 20:14:06.572454,221.7
user_01021,MG,2024-01-19 20:14:06.572454,313.32
user_01022,DF,2024-01-19 20:14:06.572454,144.81
user_01023,CE,2024-01-19 20:14:06.572454,202.64
user_01024,DF,2024-01-19 20:14:06.572454,115.4
user_01025,RJ,2024-01-19 20:14:06.572454,599.08
user_01026,GO,2024-01-19 20:14:06.572454,193.34
user_01027,SC,2024-01-19 20:14:06.572454,782.27
user_01028,MG,2024-01-20 20:14:06.572454,831.31
user_01029,SC,2024-01-20 20:14:06.572454,229.33
user_01030,SP,2024-01-20 20:14:06.572454,109.21
user_01031,BA,2024-01-20 20:14:06.572454,46.12
user_01032,SP,2024-01-20 20:14:06.572454,75.37
user_01033,SP,2024-01-20 20:14:06.572454,81.53
user_01034,SP,2024-01-20 20:14:06.572454,737.14
user_01035,PR,2024-01-20 20:14:06.572454,268.45
user_01036,MG,2024-01-20 20:14:06.572454,334.18
user_01037,RS,2024-01-20 20:14:06.572454,41.42
user_01038,SP,2024-01-21 20:14:06.572454,93.84
user_01039,MG,2024-01-21 20:14:06.572454,497.53
user_01040,RJ,2024-01-21 20:14:06.572454,307.79
user_01041,SC,2024-01-21 20:14:06.572454,217.51
user_01042,MG,2024-01-21 20:14:06.572454,384.47
user_01043,PR,2024-01-21 20:14:06.572454,905.64
user_01044,GO,2024-01-22 20:14:06.572454,205.03
user_01045,PR,2024-01-22 20:14:06.572454,258.66
user_01046,SP,2024-01-22 20:14:06.572454,285.45
user_01047,SP,2024-01-22 20:14:06.572454,1431.3370351659446
user_01048,GO,2024-01-22 20:14:06.572454,45.63
user_01049,SP,2024-01-22 20:14:06.572454,422.66
user_01050,GO,2024-01-22 20:14:06.572454,223.22
user_01051,RJ,2024-01-22 20:14:06.572454,385.07
user_01052,DF,2024-01-23 20:14:06.572454,144.62
user_01053,SC,2024-01-23 20:14:06.572454,235.29
user_01054,AM,2024-01-23 20:14:06.572454,432.3
user_01055,MG,2024-01-23 20:14:06.572454,1196.3804594623596
user_01056,RS,2024-01-24 20:14:06.572454,467.05
user_01057,RJ,2024-01-24 20:14:06.572454,124.16
user_01058,RJ,2024-01-24 20:14:06.572454,174.34
user_01059,PR,2024-01-24 20:14:06.572454,170.25
user_01060,GO,2024-01-24 20:14:06.572454,58.18
user_01061,CE,2024-01-24 20:14:06.572454,187.9
user_01062,RS,2024-01-24 20:14:06.572454,439.78
user_01063,RJ,2024-01-24 20:14:06.572454,88.29
user_01064,RJ,2024-01-24 20:14:06.572454,566.11
user_01065,RS,2024-01-24 20:14:06.572454,361.48
user_01066,SP,2024-01-24 20:14:06.572454,135.99
user_01067,SP,2024-01-24 20:14:06.572454,218.5
user_01068,MG,2024-01-25 20:14:06.572454,878.89
user_01069,MG,2024-01-25 20:14:06.572454,440.03
user_01070,MG,2024-01-25 20:14:06.572454,246.42
user_01071,SP,2024-01-25 20:14:06.572454,202.32
user_01072,SP,2024-01-25 20:14:06.572454,260.16
user_01073,SP,2024-01-25 20:14:06.572454,162.49
user_01074,CE,2024-01-25 20:14:06.572454,45.43
user_01075,RJ,2024-01-25 20:14:06.572454,1002.1869911415047
user_01076,MG,2024-01-26 20:14:06.572454,277.07
user_01077,PR,2024-01-26 20:14:06.572454,336.47
user_01078,SP,2024-01-26 20:14:06.572454,233.61
user_01079,DF,2024-01-26 20:14:06.572454,135.9
user_01080,SC,2024-01-26 20:14:06.572454,210.87
user_01081,SP,2024-01-26 20:14:06.572454,68.07
user_01082,RJ,2024-01-26 20:14:06.572454,1136.9359098526854
user_01083,GO,2024-01-27 20:14:06.572454,91.14
user_01084,DF,2024-01-27 20:14:06.572454,107.17
user_01085,RJ,2024-01-27 20:14:06.572454,172.05
user_01086,PR,2024-01-27 20:14:06.572454,685.71
user_01087,SP,2024-01-27 20:14:06.572454,247.55
user_01088,AM,2024-01-28 20:14:06.572454,91.02
user_01089,SP,2024-01-28 20:14:06.572454,667.45
user_01090,DF,2024-01-28 20:14:06.572454,439.13
user_01091,PR,2024-01-29 20:14:06.572454,376.44
user_01092,PR,2024-01-29 20:14:06.572454,433.8
user_01093,RJ,2024-01-29 20:14:06.572454,1298.81449659778
user_01094,SP,2024-01-29 20:14:06.572454,1399.632982979984
user_01095,SP,2024-01-29 20:14:06.572454,141.26
user_01096,SP,2024-01-29 20:14:06.572454,897.05
user_01097,SP,2024-01-29 20:14:06.572454,332.46
user_01098,RS,2024-01-29 20:14:06.572454,364.77
user_01099,MG,2024-01-29 20:14:06.572454,63.19
user_01100,SP,2024-01-29 20:14:06.572454,213.51
user_01101,PE,2024-01-29 20:14:06.572454,127.71
user_01102,GO,2024-01-29 20:14:06.572454,474.59
user_01103,DF,2024-01-29 20:14:06.572454,576.44
user_01104,AM,2024-01-30 20:14:06.572454,46.54
user_01105,SP,2024-01-30 20:14:06.572454,240.42
user_01106,MG,2024-01-30 20:14:06.572454,600.34
user_01107,RS,2024-01-30 20:14:06.572454,210.75
user_01108,PR,2024-01-30 20:14:06.572454,438.45
user_01109,SP,2024-01-30 20:14:06.572454,324.06
user_01110,SC,2024-01-31 20:14:06.572454,321.61
user_01111,SP,2024-01-31 20:14:06.572454,196.95
user_01112,SP,2024-01-31 20:14:06.572454,92.46
user_01113,RJ,2024-01-31 20:14:06.572454,99.76
user_01114,BA,2024-01-31 20:14:06.572454,431.59
user_01115,BA,2024-01-31 20:14:06.572454,248.53
user_01116,SP,2024-01-31 20:14:06.572454,219.03
user_01117,GO,2024-01-31 20:14:06.572454,174.32
user_01118,MG,2024-01-31 20:14:06.572454,191.68
user_01119,SP,2024-01-31 20:14:06.572454,565.4
user_01120,GO,2024-02-01 20:14:06.572454,187.13
user_01121,PE,2024-02-01 20:14:06.572454,83.69
user_01122,GO,2024-02-01 20:14:06.572454,443.6
user_01123,SC,2024-02-01 20:14:06.572454,207.7
user_01124,PR,2024-02-02 20:14:06.572454,250.92
user_01125,BA,2024-02-02 20:14:06.572454,885.42
user_01126,SP,2024-02-02 20:14:06.572454,240.7
user_01127,RJ,2024-02-02 20:14:06.572454,308.38
user_01128,MG,2024-02-03 20:14:06.572454,95.28
user_01129,MG,2024-02-03 20:14:06.572454,205.26
user_01130,RS,2024-02-03 20:14:06.572454,398.47
user_01131,RJ,2024-02-03 20:14:06.572454,70.51
user_01132,SP,2024-02-03 20:14:06.572454,287.34
user_01133,SP,2024-02-03 20:14:06.572454,265.24
user_01134,PR,2024-02-03 20:14:06.572454,252.91
user_01135,SP,2024-02-03 20:14:06.572454,561.0
user_01136,GO,2024-02-04 20:14:06.572454,319.75
user_01137,RJ,2024-02-04 20:14:06.572454,798.28
user_01138,RJ,2024-02-04 20:14:06.572454,110.51
user_01139,BA,2024-02-04 20:14:06.572454,272.8
user_01140,SC,2024-02-05 20:14:06.572454,261.8
user_01141,MG,2024-02-05 20:14:06.572454,104.02
user_01142,PR,2024-02-05 20:14:06.572454,525.86
user_01143,BA,2024-02-05 20:14:06.572454,1066.6943085466298
user_01144,MG,2024-02-05 20:14:06.572454,241.39
user_01145,GO,2024-02-05 20:14:06.572454,366.51
user_01146,SC,2024-02-05 20:14:06.572454,261.81
user_01147,PR,2024-02-05 20:14:06.572454,138.26
user_01148,GO,2024-02-05 20:14:06.572454,57.02
user_01149,GO,2024-02-06 20:14:06.572454,139.13
user_01150,RS,2024-02-06 20:14:06.572454,80.35
user_01151,SC,2024-02-06 20:14:06.572454,956.5
user_01152,PR,2024-02-06 20:14:06.572454,223.17
user_01153,PR,2024-02-06 20:14:06.572454,185.54
user_01154,PR,2024-02-06 20:14:06.572454,498.36
user_01155,RS,2024-02-07 20:14:06.572454,99.74
user_01156,SP,2024-02-07 20:14:06.572454,132.49
user_01157,GO,2024-02-07 20:14:06.572454,258.39
user_01158,GO,2024-02-07 20:14:06.572454,557.25
user_01159,SP,2024-02-07 20:14:06.572454,365.53
user_01160,SC,2024-02-07 20:14:06.572454,298.47
user_01161,SP,2024-02-07 20:14:06.572454,260.47
user_01162,MG,2024-02-07 20:14:06.572454,337.04
user_01163,RS,2024-02-07 20:14:06.572454,287.53
user_01164,SP,2024-02-08 20:14:06.572454,107.34
user_01165,SC,2024-02-08 20:14:06.572454,253.88
user_01166,SC,2024-02-08 20:14:06.572454,103.65
user_01167,RJ,2024-02-08 20:14:06.572454,261.09
user_01168,SP,2024-02-08 20:14:06.572454,166.58
user_01169,MG,2024-02-08 20:14:06.572454,1055.2706822083676
user_01170,PR,2024-02-09 20:14:06.572454,237.01
user_01171,CE,2024-02-09 20:14:06.572454,79.57
user_01172,PR,2024-02-09 20:14:06.572454,219.79
user_01173,MG,2024-02-09 20:14:06.572454,370.73
user_01174,PR,2024-02-09 20:14:06.572454,933.27
user_01175,RJ,2024-02-09 20:14:06.572454,152.69
user_01176,RS,2024-02-09 20:14:06.572454,69.0
user_01177,SP,2024-02-10 20:14:06.572454,470.35
user_01178,RS,2024-02-10 20:14:06.572454,81.09
user_01179,RJ,2024-02-10 20:14:06.572454,172.62
user_01180,PE,2024-02-10 20:14:06.572454,199.12
user_01181,MG,2024-02-10 20:14:06.572454,231.43
user_01182,PR,2024-02-11 20:14:06.572454,424.68
user_01183,DF,2024-02-11 20:14:06.572454,141.61
user_01184,SP,2024-02-11 20:14:06.572454,196.57
user_01185,DF,2024-02-11 20:14:06.572454,241.91
user_01186,PR,2024-02-11 20:14:06.572454,275.8
user_01187,SP,2024-02-11 20:14:06.572454,264.61
user_01188,MG,2024-02-12 20:14:06.572454,346.82
user_01189,RS,2024-02-12 20:14:06.572454,480.62
user_01190,SP,2024-02-12 20:14:06.572454,334.99
user_01191,BA,2024-02-12 20:14:06.572454,351.73
user_01192,MG,2024-02-13 20:14:06.572454,69.01
user_01193,PR,2024-02-13 20:14:06.572454,254.72
user_01194,SP,2024-02-13 20:14:06.572454,359.1
user_01195,GO,2024-02-13 20:14:06.572454,438.41
user_01196,CE,2024-02-13 20:14:06.572454,140.63
user_01197,PE,2024-02-13 20:14:06.572454,144.43
user_01198,RS,2024-02-14 20:14:06.572454,154.58
user_01199,SP,2024-02-14 20:14:06.572454,375.83
user_01200,RS,2024-02-14 20:14:06.572454,559.53
user_01201,SP,2024-02-14 20:14:06.572454,176.63
user_01202,SP,2024-02-14 20:14:06.572454,505.92
user_01203,MG,2024-02-14 20:14:06.572454,270.1
user_01204,RJ,2024-02-14 20:14:06.572454,221.53
user_01205,RS,2024-02-14 20:14:06.572454,206.62
user_01206,PR,2024-02-15 20:14:06.572454,444.65
user_01207,RJ,2024-02-15 20:14:06.572454,317.5
user_01208,MG,2024-02-15 20:14:06.572454,1461.0463267861658
user_01209,AM,2024-02-15 20:14:06.572454,123.74
user_01210,RJ,2024-02-15 20:14:06.572454,370.36
user_01211,RJ,2024-02-15 20:14:06.572454,160.23
user_01212,SP,2024-02-15 20:14:06.572454,122.07
user_01213,SC,2024-02-15 20:14:06.572454,242.57
user_01214,PR,2024-02-16 20:14:06.572454,273.11
user_01215,SP,2024-02-16 20:14:06.572454,1375.5741839112914
user_01216,SP,2024-02-16 20:14:06.572454,211.17
user_01217,PR,2024-02-16 20:14:06.572454,99.07
user_01218,PR,2024-02-16 20:14:06.572454,304.42
user_01219,MG,2024-02-16 20:14:06.572454,46.54
user_01220,PE,2024-02-16 20:14:06.572454,227.34
user_01221,SP,2024-02-16 20:14:06.572454,247.85
user_01222,RJ,2024-02-16 20:14:06.572454,462.05
user_01223,DF,2024-02-16 20:14:06.572454,533.2
user_01224,RJ,2024-02-16 20:14:06.572454,163.55
user_01225,PR,2024-02-17 20:14:06.572454,216.92
user_01226,MG,2024-02-17 20:14:06.572454,132.57
user_01227,MG,2024-02-17 20:14:06.572454,99.24
user_01228,CE,2024-02-17 20:14:06.572454,313.54
user_01229,RJ,2024-02-18 20:14:06.572454,88.33
user_01230,GO,2024-02-18 20:14:06.572454,175.62
user_01231,SP,2024-02-18 20:14:06.572454,110.37
user_01232,SP,2024-02-18 20:14:06.572454,379.84
user_01233,SP,2024-02-18 20:14:06.572454,1294.8898003890392
user_01234,PR,2024-02-18 20:14:06.572454,86.38
user_01235,MG,2024-02-18 20:14:06.572454,55.57
user_01236,GO,2024-02-19 20:14:06.572454,221.43
user_01237,RJ,2024-02-19 20:14:06.572454,247.78
user_01238,PE,2024-02-19 20:14:06.572454,291.47
user_01239,SP,2024-02-20 20:14:06.572454,171.22
user_01240,GO,2024-02-20 20:14:06.572454,208.41
user_01241,RS,2024-02-20 20:14:06.572454,328.33
user_01242,RS,2024-02-20 20:14:06.572454,562.47
user_01243,SC,2024-02-20 20:14:06.572454,51.21
user_01244,RS,2024-02-20 20:14:06.572454,182.15
user_01245,PR,2024-02-21 20:14:06.572454,290.34
user_01246,SP,2024-02-21 20:14:06.572454,117.4
user_01247,SP,2024-02-21 20:14:06.572454,977.44
user_01248,DF,2024-02-21 20:14:06.572454,147.18
user_01249,PR,2024-02-21 20:14:06.572454,236.74
user_01250,SC,2024-02-21 20:14:06.572454,381.77
user_01251,RJ,2024-02-21 20:14:06.572454,152.47
user_01252,SP,2024-02-21 20:14:06.572454,55.85
user_01253,SP,2024-02-22 20:14:06.572454,173.66
user_01254,PR,2024-02-22 20:14:06.572454,557.55
user_01255,RJ,2024-02-22 20:14:06.572454,186.88
user_01256,SP,2024-02-22 20:14:06.572454,124.32
user_01257,RJ,2024-02-22 20:14:06.572454,513.13
user_01258,SP,2024-02-23 20:14:06.572454,187.8
user_01259,BA,2024-02-23 20:14:06.572454,162.69
user_01260,MG,2024-02-23 20:14:06.572454,275.77
user_01261,SC,2024-02-23 20:14:06.572454,453.32
user_01262,MG,2024-02-23 20:14:06.572454,1384.593394997964
user_01263,RJ,2024-02-24 20:14:06.572454,474.28
user_01264,SP,2024-02-24 20:14:06.572454,618.86
user_01265,SP,2024-02-24 20:14:06.572454,163.24
user_01266,MG,2024-02-24 20:14:06.572454,107.7
user_01267,RJ,2024-02-25 20:14:06.572454,257.2
user_01268,PR,2024-02-25 20:14:06.572454,266.6
user_01269,MG,2024-02-25 20:14:06.572454,103.25
user_01270,PR,2024-02-25 20:14:06.572454,212.67
user_01271,GO,2024-02-26 20:14:06.572454,336.79
user_01272,RS,2024-02-26 20:14:06.572454,326.46
user_01273,SP,2024-02-26 20:14:06.572454,366.29
user_01274,RJ,2024-02-27 20:14:06.572454,308.82
user_01275,SP,2024-02-27 20:14:06.572454,163.1
user_01276,SP,2024-02-27 20:14:06.572454,162.21
user_01277,CE,2024-02-27 20:14:06.572454,93.77
user_01278,SP,2024-02-27 20:14:06.572454,1214.4271806533193
user_01279,RJ,2024-02-27 20:14:06.572454,247.34
user_01280,PR,2024-02-27 20:14:06.572454,204.41
user_01281,RS,2024-02-28 20:14:06.572454,116.39
user_01282,BA,2024-02-28 20:14:06.572454,1379.2278736545632
user_01283,SP,2024-02-28 20:14:06.572454,103.68
user_01284,MG,2024-02-28 20:14:06.572454,173.63
user_01285,RJ,2024-02-28 20:14:06.572454,341.27
user_01286,SP,2024-02-28 20:14:06.572454,395.51
user_01287,MG,2024-02-28 20:14:06.572454,526.55
user_01288,SP,2024-02-29 20:14:06.572454,1185.901495637268
user_01289,SP,2024-02-29 20:14:06.572454,366.84
user_01290,MG,2024-02-29 20:14:06.572454,105.13
user_01291,SP,2024-02-29 20:14:06.572454,199.23
user_01292,BA,2024-02-29 20:14:06.572454,313.02
user_01293,PR,2024-02-29 20:14:06.572454,1122.0472862463012
user_01294,SC,2024-02-29 20:14:06.572454,79.98
user_01295,SP,2024-03-01 20:14:06.572454,640.38
user_01296,SP,2024-03-01 20:14:06.572454,282.57
user_01297,SP,2024-03-01 20:14:06.572454,478.31
user_01298,PR,2024-03-02 20:14:06.572454,225.52
user_01299,RS,2024-03-02 20:14:06.572454,124.72
user_01300,SP,2024-03-02 20:14:06.572454,446.17
user_01301,DF,2024-03-02 20:14:06.572454,413.04
user_01302,SP,2024-03-02 20:14:06.572454,532.53
user_01303,RJ,2024-03-02 20:14:06.572454,242.1
user_01304,RS,2024-03-02 20:14:06.572454,151.43
user_01305,GO,2024-03-02 20:14:06.572454,70.31
user_01306,RS,2024-03-02 20:14:06.572454,471.3
user_01307,SC,2024-03-02 20:14:06.572454,343.47
user_01308,MG,2024-03-03 20:14:06.572454,113.0
user_01309,SC,2024-03-03 20:14:06.572454,159.04
user_01310,SP,2024-03-03 20:14:06.572454,168.44
user_01311,GO,2024-03-03 20:14:06.572454,74.71
user_01312,RJ,2024-03-03 20:14:06.572454,127.21
user_01313,SC,2024-03-03 20:14:06.572454,98.78
user_01314,RJ,2024-03-04 20:14:06.572454,175.92
user_01315,PR,2024-03-04 20:14:06.572454,135.51
user_01316,RJ,2024-03-04 20:14:06.572454,66.58
user_01317,RS,2024-03-04 20:14:06.572454,1364.5067106464844
user_01318,SP,2024-03-04 20:14:06.572454,666.49
user_01319,SP,2024-03-04 20:14:06.572454,131.21
user_01320,SP,2024-03-04 20:14:06.572454,304.28
user_01321,SP,2024-03-05 20:14:06.572454,341.71
user_01322,GO,2024-03-05 20:14:06.572454,634.52
user_01323,SP,2024-03-05 20:14:06.572454,127.12
user_01324,CE,2024-03-05 20:14:06.572454,586.21
user_01325,MG,2024-03-05 20:14:06.572454,157.85
user_01326,SP,2024-03-05 20:14:06.572454,84.04
user_01327,SC,2024-03-06 20:14:06.572454,436.73
user_01328,PR,2024-03-06 20:14:06.572454,687.19
user_01329,RJ,2024-03-06 20:14:06.572454,1209.836146078634
user_01330,BA,2024-03-07 20:14:06.572454,93.71
user_01331,RS,2024-03-07 20:14:06.572454,428.01
user_01332,SP,2024-03-07 20:14:06.572454,176.3
user_01333,AM,2024-03-07 20:14:06.572454,457.92
user_01334,CE,2024-03-08 20:14:06.572454,75.46
user_01335,PR,2024-03-08 20:14:06.572454,89.1
user_01336,SP,2024-03-08 20:14:06.572454,131.54
user_01337,PR,2024-03-09 20:14:06.572454,260.65
user_01338,SP,2024-03-09 20:14:06.572454,146.52
user_01339,SP,2024-03-09 20:14:06.572454,414.57
user_01340,MG,2024-03-10 20:14:06.572454,556.42
user_01341,RJ,2024-03-10 20:14:06.572454,395.31
user_01342,GO,2024-03-10 20:14:06.572454,893.4
user_01343,RS,2024-03-10 20:14:06.572454,341.27
user_01344,RS,2024-03-10 20:14:06.572454,92.43
user_01345,RJ,2024-03-11 20:14:06.572454,728.29
user_01346,MG,2024-03-11 20:14:06.572454,150.79
user_01347,MG,2024-03-11 20:14:06.572454,506.91
user_01348,CE,2024-03-11 20:14:06.572454,861.77
user_01349,SP,2024-03-11 20:14:06.572454,352.61
user_01350,GO,2024-03-11 20:14:06.572454,73.93
user_01351,BA,2024-03-11 20:14:06.572454,117.38
user_01352,RJ,2024-03-11 20:14:06.572454,705.0
user_01353,RS,2024-03-12 20:14:06.572454,213.73
user_01354,RJ,2024-03-12 20:14:06.572454,260.78
user_01355,GO,2024-03-12 20:14:06.572454,449.02
user_01356,DF,2024-03-12 20:14:06.572454,427.12
user_01357,RJ,2024-03-12 20:14:06.572454,305.83
user_01358,MG,2024-03-12 20:14:06.572454,207.07
user_01359,BA,2024-03-12 20:14:06.572454,190.54
user_01360,DF,2024-03-12 20:14:06.572454,486.05
user_01361,SP,2024-03-12 20:14:06.572454,381.02
user_01362,PR,2024-03-12 20:14:06.572454,199.17
user_01363,PR,2024-03-12 20:14:06.572454,581.55
user_01364,RS,2024-03-13 20:14:06.572454,220.69
user_01365,SP,2024-03-13 20:14:06.572454,123.8
user_01366,RS,2024-03-13 20:14:06.572454,133.33
user_01367,DF,2024-03-13 20:14:06.572454,111.83
user_01368,SP,2024-03-13 20:14:06.572454,196.78
user_01369,SP,2024-03-13 20:14:06.572454,656.54
user_01370,CE,2024-03-13 20:14:06.572454,128.5
user_01371,SP,2024-03-14 20:14:06.572454,284.51
user_01372,GO,2024-03-14 20:14:06.572454,144.7
user_01373,RJ,2024-03-14 20:14:06.572454,198.69
user_01374,SP,2024-03-14 20:14:06.572454,73.11
user_01375,GO,2024-03-14 20:14:06.572454,205.11
user_01376,RJ,2024-03-15 20:14:06.572454,209.57
user_01377,RJ,2024-03-15 20:14:06.572454,376.99
user_01378,MG,2024-03-15 20:14:06.572454,292.55
user_01379,BA,2024-03-16 20:14:06.572454,93.81
user_01380,SP,2024-03-16 20:14:06.572454,582.52
user_01381,MG,2024-03-16 20:14:06.572454,289.53
user_01382,PE,2024-03-16 20:14:06.572454,286.78
user_01383,MG,2024-03-16 20:14:06.572454,242.9
user_01384,PR,2024-03-16 20:14:06.572454,161.71
user_01385,MG,2024-03-16 20:14:06.572454,291.27
user_01386,RS,2024-03-17 20:14:06.572454,357.98
user_01387,SP,2024-03-17 20:14:06.572454,60.49
user_01388,PE,2024-03-17 20:14:06.572454,159.01
user_01389,RJ,2024-03-18 20:14:06.572454,199.55
user_01390,SP,2024-03-18 20:14:06.572454,300.35
user_01391,SP,2024-03-18 20:14:06.572454,635.65
user_01392,SP,2024-03-18 20:14:06.572454,131.97
user_01393,RJ,2024-03-18 20:14:06.572454,164.29
user_01394,MG,2024-03-18 20:14:06.572454,162.39
user_01395,SC,2024-03-18 20:14:06.572454,128.87
user_01396,RJ,2024-03-19 20:14:06.572454,185.35
user_01397,SP,2024-03-19 20:14:06.572454,453.34
user_01398,PR,2024-03-19 20:14:06.572454,105.31
user_01399,RS,2024-03-19 20:14:06.572454,344.55
user_01400,SP,2024-03-19 20:14:06.572454,62.71
user_01401,SP,2024-03-19 20:14:06.572454,156.17
user_01402,SP,2024-03-19 20:14:06.572454,187.99
user_01403,RS,2024-03-20 20:14:06.572454,934.38
user_01404,PR,2024-03-20 20:14:06.572454,196.4
user_01405,RJ,2024-03-20 20:14:06.572454,42.06
user_01406,SC,2024-03-20 20:14:06.572454,49.45
user_01407,SC,2024-03-20 20:14:06.572454,251.44
user_01408,BA,2024-03-20 20:14:06.572454,399.82
user_01409,GO,2024-03-20 20:14:06.572454,330.42
user_01410,SP,2024-03-21 20:14:06.572454,279.79
user_01411,SP,2024-03-22 20:14:06.572454,620.05
user_01412,MG,2024-03-22 20:14:06.572454,158.91
user_01413,SP,2024-03-22 20:14:06.572454,500.66
user_01414,RJ,2024-03-22 20:14:06.572454,66.31
user_01415,DF,2024-03-22 20:14:06.572454,118.63
user_01416,SP,2024-03-23 20:14:06.572454,57.65
user_01417,SP,2024-03-23 20:14:06.572454,196.39
user_01418,RJ,2024-03-23 20:14:06.572454,235.8
user_01419,DF,2024-03-23 20:14:06.572454,268.08
user_01420,MG,2024-03-24 20:14:06.572454,257.11
user_01421,RJ,2024-03-24 20:14:06.572454,116.51
user_01422,SP,2024-03-24 20:14:06.572454,210.15
user_01423,SP,2024-03-24 20:14:06.572454,73.85
user_01424,CE,2024-03-24 20:14:06.572454,728.21
user_01425,PE,2024-03-24 20:14:06.572454,191.92
user_01426,SP,2024-03-24 20:14:06.572454,165.49
user_01427,PE,2024-03-24 20:14:06.572454,872.32
user_01428,PR,2024-03-24 20:14:06.572454,90.58
user_01429,GO,2024-03-24 20:14:06.572454,99.44
user_01430,RJ,2024-03-24 20:14:06.572454,101.8
user_01431,RJ,2024-03-25 20:14:06.572454,231.76
user_01432,RJ,2024-03-25 20:14:06.572454,345.61
user_01433,PR,2024-03-25 20:14:06.572454,442.19
user_01434,SP,2024-03-25 20:14:06.572454,1490.6885521630975
user_01435,SP,2024-03-26 20:14:06.572454,40.47
user_01436,MG,2024-03-26 20:14:06.572454,398.21
user_01437,RS,2024-03-26 20:14:06.572454,156.69
user_01438,SP,2024-03-26 20:14:06.572454,153.07
user_01439,PR,2024-03-26 20:14:06.572454,149.04
user_01440,PE,2024-03-27 20:14:06.572454,118.27
user_01441,SP,2024-03-27 20:14:06.572454,941.64
user_01442,PR,2024-03-27 20:14:06.572454,480.02
user_01443,RJ,2024-03-27 20:14:06.572454,249.28
user_01444,GO,2024-03-27 20:14:06.572454,721.13
user_01445,SP,2024-03-27 20:14:06.572454,72.96
user_01446,PR,2024-03-27 20:14:06.572454,84.39
user_01447,SC,2024-03-27 20:14:06.572454,42.85
user_01448,DF,2024-03-28 20:14:06.572454,139.84
user_01449,PR,2024-03-28 20:14:06.572454,278.48
user_01450,RJ,2024-03-28 20:14:06.572454,265.68
user_01451,PR,2024-03-28 20:14:06.572454,275.74
user_01452,GO,2024-03-28 20:14:06.572454,79.13
user_01453,BA,2024-03-28 20:14:06.572454,465.23
user_01454,SP,2024-03-28 20:14:06.572454,296.4
user_01455,DF,2024-03-28 20:14:06.572454,439.85
user_01456,PR,2024-03-29 20:14:06.572454,53.83
user_01457,PR,2024-03-29 20:14:06.572454,313.94
user_01458,SP,2024-03-30 20:14:06.572454,94.61
user_01459,PR,2024-03-30 20:14:06.572454,178.06
user_01460,MG,2024-03-30 20:14:06.572454,375.21
user_01461,PR,2024-03-30 20:14:06.572454,263.19
user_01462,SP,2024-03-30 20:14:06.572454,123.81
user_01463,PR,2024-03-31 20:14:06.572454,245.92
user_01464,AM,2024-03-31 20:14:06.572454,71.86
user_01465,SP,2024-03-31 20:14:06.572454,614.13
user_01466,CE,2024-03-31 20:14:06.572454,207.63
user_01467,RJ,2024-03-31 20:14:06.572454,598.75
user_01468,GO,2024-03-31 20:14:06.572454,160.58
user_01469,SC,2024-03-31 20:14:06.572454,160.96
user_01470,BA,2024-03-31 20:14:06.572454,132.77
user_01471,RS,2024-04-01 20:14:06.572454,493.21
user_01472,GO,2024-04-01 20:14:06.572454,138.72
user_01473,RJ,2024-04-01 20:14:06.572454,409.8
user_01474,MG,2024-04-01 20:14:06.572454,180.19
user_01475,PR,2024-04-01 20:14:06.572454,50.36
user_01476,SC,2024-04-01 20:14:06.572454,155.05
user_01477,RS,2024-04-01 20:14:06.572454,95.27
user_01478,SC,2024-04-01 20:14:06.572454,251.42
user_01479,RJ,2024-04-01 20:14:06.572454,94.41
user_01480,SC,2024-04-02 20:14:06.572454,513.26
user_01481,SP,2024-04-02 20:14:06.572454,227.5
user_01482,RJ,2024-04-02 20:14:06.572454,212.28
user_01483,SP,2024-04-02 20:14:06.572454,413.52
user_01484,MG,2024-04-02 20:14:06.572454,529.07
user_01485,MG,2024-04-03 20:14:06.572454,240.79
user_01486,MG,2024-04-03 20:14:06.572454,132.03
user_01487,PR,2024-04-03 20:14:06.572454,59.19
user_01488,MG,2024-04-03 20:14:06.572454,141.34
user_01489,RJ,2024-04-03 20:14:06.572454,149.34
user_01490,SP,2024-04-03 20:14:06.572454,266.57
user_01491,MG,2024-04-03 20:14:06.572454,185.65
user_01492,SP,2024-04-03 20:14:06.572454,424.26
user_01493,SP,2024-04-03 20:14:06.572454,149.85
user_01494,PR,2024-04-03 20:14:06.572454,233.78
user_01495,PR,2024-04-04 20:14:06.572454,630.93
user_01496,PR,2024-04-04 20:14:06.572454,321.65
user_01497,RJ,2024-04-04 20:14:06.572454,233.22
user_01498,MG,2024-04-04 20:14:06.572454,151.18
user_01499,GO,2024-04-04 20:14:06.572454,147.44
user_01500,RJ,2024-04-04 20:14:06.572454,123.9
user_01501,RJ,2024-04-05 20:14:06.572454,158.73
user_01502,SP,2024-04-05 20:14:06.572454,447.88
user_01503,MG,2024-04-05 20:14:06.572454,204.89
user_01504,MG,2024-04-05 20:14:06.572454,83.11
user_01505,MG,2024-04-05 20:14:06.572454,1174.7425911540504
user_01506,BA,2024-04-05 20:14:06.572454,316.07
user_01507,RJ,2024-04-06 20:14:06.572454,79.4
user_01508,PR,2024-04-06 20:14:06.572454,171.83
user_01509,RS,2024-04-06 20:14:06.572454,267.39
user_01510,SC,2024-04-06 20:14:06.572454,956.88
user_01511,RS,2024-04-06 20:14:06.572454,100.84
user_01512,PE,2024-04-06 20:14:06.572454,534.23
user_01513,SP,2024-04-06 20:14:06.572454,749.64
user_01514,SP,2024-04-06 20:14:06.572454,147.98
user_01515,SP,2024-04-07 20:14:06.572454,195.98
user_01516,PR,2024-04-07 20:14:06.572454,106.8
user_01517,GO,2024-04-07 20:14:06.572454,207.94
user_01518,SP,2024-04-07 20:14:06.572454,237.63
user_01519,DF,2024-04-07 20:14:06.572454,414.77
user_01520,SP,2024-04-07 20:14:06.572454,585.31
user_01521,DF,2024-04-07 20:14:06.572454,134.49
user_01522,MG,2024-04-07 20:14:06.572454,50.71
user_01523,SP,2024-04-07 20:14:06.572454,240.57
user_01524,RJ,2024-04-07 20:14:06.572454,309.46
user_01525,MG,2024-04-08 20:14:06.572454,298.73
user_01526,MG,2024-04-08 20:14:06.572454,188.42
user_01527,MG,2024-04-08 20:14:06.572454,270.37
user_01528,SC,2024-04-08 20:14:06.572454,822.51
user_01529,RJ,2024-04-08 20:14:06.572454,332.08
user_01530,MG,2024-04-08 20:14:06.572454,181.51
user_01531,PR,2024-04-08 20:14:06.572454,164.0
user_01532,RS,2024-04-08 20:14:06.572454,213.6
user_01533,MG,2024-04-08 20:14:06.572454,906.32
user_01534,RJ,2024-04-09 20:14:06.572454,211.32
user_01535,SP,2024-04-09 20:14:06.572454,240.85
user_01536,SP,2024-04-09 20:14:06.572454,166.36
user_01537,PR,2024-04-10 20:14:06.572454,589.45
user_01538,SP,2024-04-10 20:14:06.572454,1460.863710265533
user_01539,RJ,2024-04-10 20:14:06.572454,350.9
user_01540,RS,2024-04-10 20:14:06.572454,261.44
user_01541,SP,2024-04-10 20:14:06.572454,252.0
user_01542,BA,2024-04-10 20:14:06.572454,36.33
user_01543,MG,2024-04-10 20:14:06.572454,444.13
user_01544,PE,2024-04-10 20:14:06.572454,272.42
user_01545,RJ,2024-04-11 20:14:06.572454,344.7
user_01546,SC,2024-04-11 20:14:06.572454,138.49
user_01547,BA,2024-04-11 20:14:06.572454,179.91
user_01548,SP,2024-04-11 20:14:06.572454,176.12
user_01549,PR,2024-04-12 20:14:06.572454,554.07
user_01550,PE,2024-04-12 20:14:06.572454,180.73
user_01551,PR,2024-04-12 20:14:06.572454,1466.4812742835397
user_01552,SC,2024-04-12 20:14:06.572454,345.4
user_01553,GO,2024-04-12 20:14:06.572454,88.19
user_01554,SP,2024-04-12 20:14:06.572454,220.78
user_01555,SP,2024-04-13 20:14:06.572454,145.28
user_01556,PR,2024-04-13 20:14:06.572454,42.29
user_01557,RJ,2024-04-13 20:14:06.572454,879.7
user_01558,SC,2024-04-13 20:14:06.572454,429.45
user_01559,DF,2024-04-14 20:14:06.572454,374.86
user_01560,MG,2024-04-14 20:14:06.572454,279.31
user_01561,SP,2024-04-14 20:14:06.572454,80.99
user_01562,SC,2024-04-14 20:14:06.572454,166.19
user_01563,MG,2024-04-14 20:14:06.572454,479.83
user_01564,SC,2024-04-14 20:14:06.572454,105.53
user_01565,RJ,2024-04-15 20:14:06.572454,32.28
user_01566,PR,2024-04-15 20:14:06.572454,204.04
user_01567,SP,2024-04-15 20:14:06.572454,218.46
user_01568,PR,2024-04-15 20:14:06.572454,272.72
user_01569,RJ,2024-04-15 20:14:06.572454,438.26
user_01570,BA,2024-04-15 20:14:06.572454,407.52
user_01571,SP,2024-04-15 20:14:06.572454,300.97
user_01572,RS,2024-04-16 20:14:06.572454,636.78
user_01573,GO,2024-04-16 20:14:06.572454,72.59
user_01574,SP,2024-04-16 20:14:06.572454,366.38
user_01575,SP,2024-04-16 20:14:06.572454,403.93
user_01576,SP,2024-04-16 20:14:06.572454,90.77
user_01577,PR,2024-04-16 20:14:06.572454,73.53
user_01578,PR,2024-04-16 20:14:06.572454,134.73
user_01579,RJ,2024-04-16 20:14:06.572454,144.14
user_01580,SP,2024-04-17 20:14:06.572454,447.08
user_01581,MG,2024-04-17 20:14:06.572454,149.66
user_01582,BA,2024-04-17 20:14:06.572454,123.34
user_01583,RJ,2024-04-17 20:14:06.572454,150.01
user_01584,CE,2024-04-17 20:14:06.572454,598.79
user_01585,SP,2024-04-17 20:14:06.572454,247.26
user_01586,PR,2024-04-18 20:14:06.572454,212.0
user_01587,RJ,2024-04-18 20:14:06.572454,224.08
user_01588,RJ,2024-04-18 20:14:06.572454,687.9
user_01589,RS,2024-04-18 20:14:06.572454,134.38
user_01590,PR,2024-04-18 20:14:06.572454,700.93
user_01591,AM,2024-04-18 20:14:06.572454,289.57
user_01592,SP,2024-04-18 20:14:06.572454,215.22
user_01593,SP,2024-04-19 20:14:06.572454,1120.9264735323732
user_01594,RS,2024-04-19 20:14:06.572454,105.16
user_01595,BA,2024-04-19 20:14:06.572454,184.39
user_01596,MG,2024-04-19 20:14:06.572454,91.29
user_01597,SP,2024-04-19 20:14:06.572454,524.25
user_01598,SP,2024-04-19 20:14:06.572454,945.16
user_01599,GO,2024-04-19 20:14:06.572454,930.7
user_01600,SP,2024-04-19 20:14:06.572454,651.42
user_01601,MG,2024-04-20 20:14:06.572454,208.91
user_01602,SP,2024-04-20 20:14:06.572454,182.69
user_01603,MG,2024-04-20 20:14:06.572454,64.27
user_01604,SP,2024-04-20 20:14:06.572454,1399.1105907940066
user_01605,RJ,2024-04-20 20:14:06.572454,356.09
user_01606,SP,2024-04-20 20:14:06.572454,165.08
user_01607,SC,2024-04-20 20:14:06.572454,708.0
user_01608,SP,2024-04-20 20:14:06.572454,112.37
user_01609,RJ,2024-04-21 20:14:06.572454,338.76
user_01610,GO,2024-04-21 20:14:06.572454,213.13
user_01611,PR,2024-04-21 20:14:06.572454,407.87
user_01612,RJ,2024-04-21 20:14:06.572454,232.56
user_01613,MG,2024-04-21 20:14:06.572454,76.65
user_01614,MG,2024-04-21 20:14:06.572454,259.94
user_01615,PR,2024-04-21 20:14:06.572454,566.28
user_01616,AM,2024-04-21 20:14:06.572454,239.04
user_01617,PR,2024-04-22 20:14:06.572454,454.91
user_01618,BA,2024-04-22 20:14:06.572454,106.01
user_01619,RS,2024-04-22 20:14:06.572454,239.6
user_01620,RJ,2024-04-22 20:14:06.572454,148.47
user_01621,SP,2024-04-22 20:14:06.572454,444.78
user_01622,BA,2024-04-22 20:14:06.572454,250.93
user_01623,PE,2024-04-23 20:14:06.572454,424.99
user_01624,SP,2024-04-23 20:14:06.572454,584.16
user_01625,PR,2024-04-23 20:14:06.572454,425.51
user_01626,SP,2024-04-23 20:14:06.572454,304.45
user_01627,RJ,2024-04-23 20:14:06.572454,110.1
user_01628,SP,2024-04-23 20:14:06.572454,244.15
user_01629,RJ,2024-04-23 20:14:06.572454,159.74
user_01630,RS,2024-04-23 20:14:06.572454,185.81
user_01631,MG,2024-04-23 20:14:06.572454,181.34
user_01632,PR,2024-04-23 20:14:06.572454,111.73
user_01633,SC,2024-04-23 20:14:06.572454,51.12
user_01634,DF,2024-04-23 20:14:06.572454,143.38
user_01635,SP,2024-04-23 20:14:06.572454,285.63
user_01636,MG,2024-04-24 20:14:06.572454,83.22
user_01637,SP,2024-04-24 20:14:06.572454,247.78
user_01638,AM,2024-04-24 20:14:06.572454,1216.5372525722826
user_01639,DF,2024-04-24 20:14:06.572454,554.71
user_01640,RJ,2024-04-24 20:14:06.572454,911.26
user_01641,SC,2024-04-25 20:14:06.572454,334.59
user_01642,RJ,2024-04-25 20:14:06.572454,622.66
user_01643,PR,2024-04-25 20:14:06.572454,137.12
user_01644,SP,2024-04-25 20:14:06.572454,146.13
user_01645,RS,2024-04-25 20:14:06.572454,27.35
user_01646,SP,2024-04-25 20:14:06.572454,632.02
user_01647,SC,2024-04-25 20:14:06.572454,839.04
user_01648,SC,2024-04-25 20:14:06.572454,157.19
user_01649,RS,2024-04-25 20:14:06.572454,199.7
user_01650,SP,2024-04-26 20:14:06.572454,133.88
user_01651,MG,2024-04-26 20:14:06.572454,332.33
user_01652,MG,2024-04-26 20:14:06.572454,601.81
user_01653,MG,2024-04-26 20:14:06.572454,60.69
user_01654,SP,2024-04-26 20:14:06.572454,339.53
user_01655,DF,2024-04-26 20:14:06.572454,196.11
user_01656,BA,2024-04-26 20:14:06.572454,267.93
user_01657,MG,2024-04-26 20:14:06.572454,353.26
user_01658,MG,2024-04-27 20:14:06.572454,210.49
user_01659,RJ,2024-04-27 20:14:06.572454,225.23
user_01660,PR,2024-04-27 20:14:06.572454,206.21
user_01661,RJ,2024-04-27 20:14:06.572454,531.79
user_01662,DF,2024-04-27 20:14:06.572454,342.07
user_01663,RJ,2024-04-27 20:14:06.572454,291.92
user_01664,AM,2024-04-27 20:14:06.572454,88.52
user_01665,GO,2024-04-27 20:14:06.572454,180.75
user_01666,SP,2024-04-27 20:14:06.572454,502.17
user_01667,DF,2024-04-28 20:14:06.572454,252.18
user_01668,SP,2024-04-28 20:14:06.572454,414.73
user_01669,SC,2024-04-28 20:14:06.572454,1458.762363615174
user_01670,MG,2024-04-28 20:14:06.572454,561.65
user_01671,GO,2024-04-29 20:14:06.572454,263.62
user_01672,GO,2024-04-29 20:14:06.572454,162.59
user_01673,SC,2024-04-29 20:14:06.572454,31.73
user_01674,SC,2024-04-29 20:14:06.572454,213.85
user_01675,MG,2024-04-29 20:14:06.572454,188.52
user_01676,SP,2024-04-30 20:14:06.572454,334.38
user_01677,RJ,2024-04-30 20:14:06.572454,216.35
user_01678,SP,2024-04-30 20:14:06.572454,189.37
user_01679,PR,2024-04-30 20:14:06.572454,58.94
user_01680,MG,2024-04-30 20:14:06.572454,115.36
user_01681,CE,2024-04-30 20:14:06.572454,358.28
user_01682,PR,2024-04-30 20:14:06.572454,965.58
user_01683,SC,2024-04-30 20:14:06.572454,226.33
user_01684,SP,2024-04-30 20:14:06.572454,318.06
user_01685,GO,2024-04-30 20:14:06.572454,524.26
user_01686,DF,2024-04-30 20:14:06.572454,127.9
user_01687,RJ,2024-05-01 20:14:06.572454,328.14
user_01688,PR,2024-05-01 20:14:06.572454,135.32
user_01689,RS,2024-05-01 20:14:06.572454,488.75
user_01690,SP,2024-05-01 20:14:06.572454,276.2
user_01691,RJ,2024-05-01 20:14:06.572454,310.68
user_01692,MG,2024-05-01 20:14:06.572454,130.83
user_01693,SP,2024-05-01 20:14:06.572454,430.79
user_01694,MG,2024-05-01 20:14:06.572454,1225.0621363176194
user_01695,SP,2024-05-01 20:14:06.572454,109.25
user_01696,SP,2024-05-01 20:14:06.572454,186.46
user_01697,SP,2024-05-01 20:14:06.572454,294.5
user_01698,PE,2024-05-02 20:14:06.572454,459.03
user_01699,RJ,2024-05-02 20:14:06.572454,156.39
user_01700,PE,2024-05-02 20:14:06.572454,25.37
user_01701,RJ,2024-05-02 20:14:06.572454,725.86
user_01702,MG,2024-05-02 20:14:06.572454,449.62
user_01703,RJ,2024-05-02 20:14:06.572454,60.68
user_01704,RJ,2024-05-02 20:14:06.572454,150.5
user_01705,SP,2024-05-02 20:14:06.572454,857.95
user_01706,PR,2024-05-02 20:14:06.572454,779.18
user_01707,SP,2024-05-03 20:14:06.572454,518.49
user_01708,PR,2024-05-03 20:14:06.572454,212.54
user_01709,PR,2024-05-03 20:14:06.572454,261.49
user_01710,SP,2024-05-03 20:14:06.572454,220.36
user_01711,SP,2024-05-03 20:14:06.572454,603.41
user_01712,SC,2024-05-03 20:14:06.572454,121.43
user_01713,RJ,2024-05-03 20:14:06.572454,128.43
user_01714,SP,2024-05-04 20:14:06.572454,549.07
user_01715,AM,2024-05-04 20:14:06.572454,236.16
user_01716,SP,2024-05-04 20:14:06.572454,737.14
user_01717,PR,2024-05-04 20:14:06.572454,142.99
user_01718,CE,2024-05-05 20:14:06.572454,234.2
user_01719,SP,2024-05-05 20:14:06.572454,116.99
user_01720,SP,2024-05-05 20:14:06.572454,246.14
user_01721,SP,2024-05-05 20:14:06.572454,74.98
user_01722,MG,2024-05-05 20:14:06.572454,165.65
user_01723,SP,2024-05-05 20:14:06.572454,77.56
user_01724,PR,2024-05-05 20:14:06.572454,426.3
user_01725,SP,2024-05-05 20:14:06.572454,434.1
user_01726,RJ,2024-05-05 20:14:06.572454,61.3
user_01727,AM,2024-05-06 20:14:06.572454,711.31
user_01728,SC,2024-05-06 20:14:06.572454,1372.151858668683
user_01729,PR,2024-05-07 20:14:06.572454,253.87
user_01730,MG,2024-05-07 20:14:06.572454,146.51
user_01731,PR,2024-05-07 20:14:06.572454,1233.483704581899
user_01732,RJ,2024-05-08 20:14:06.572454,85.18
user_01733,RJ,2024-05-08 20:14:06.572454,248.66
user_01734,SP,2024-05-08 20:14:06.572454,282.51
user_01735,GO,2024-05-08 20:14:06.572454,717.75
user_01736,RJ,2024-05-08 20:14:06.572454,326.29
user_01737,SP,2024-05-08 20:14:06.572454,164.2
user_01738,MG,2024-05-09 20:14:06.572454,114.33
user_01739,RJ,2024-05-09 20:14:06.572454,186.15
user_01740,SC,2024-05-09 20:14:06.572454,109.34
user_01741,RS,2024-05-09 20:14:06.572454,254.24
user_01742,RS,2024-05-09 20:14:06.572454,155.81
user_01743,SP,2024-05-09 20:14:06.572454,74.05
user_01744,RJ,2024-05-10 20:14:06.572454,667.89
user_01745,RJ,2024-05-10 20:14:06.572454,164.33
user_01746,SP,2024-05-10 20:14:06.572454,88.72
user_01747,MG,2024-05-11 20:14:06.572454,213.88
user_01748,RS,2024-05-11 20:14:06.572454,258.45
user_01749,SP,2024-05-11 20:14:06.572454,60.51
user_01750,RJ,2024-05-11 20:14:06.572454,319.04
user_01751,SP,2024-05-11 20:14:06.572454,105.88
user_01752,SP,2024-05-12 20:14:06.572454,961.82
user_01753,SP,2024-05-12 20:14:06.572454,372.1
user_01754,CE,2024-05-12 20:14:06.572454,177.7
user_01755,SC,2024-05-12 20:14:06.572454,134.81
user_01756,PE,2024-05-13 20:14:06.572454,224.98
user_01757,RJ,2024-05-13 20:14:06.572454,399.51
user_01758,SP,2024-05-13 20:14:06.572454,239.75
user_01759,RJ,2024-05-13 20:14:06.572454,205.67
user_01760,RJ,2024-05-14 20:14:06.572454,256.39
user_01761,SC,2024-05-14 20:14:06.572454,150.94
user_01762,SP,2024-05-14 20:14:06.572454,185.94
user_01763,RJ,2024-05-14 20:14:06.572454,46.13
user_01764,SP,2024-05-14 20:14:06.572454,533.25
user_01765,MG,2024-05-14 20:14:06.572454,310.77
user_01766,RS,2024-05-14 20:14:06.572454,131.79
user_01767,RJ,2024-05-14 20:14:06.572454,1113.9003778564281
user_01768,MG,2024-05-14 20:14:06.572454,262.33
user_01769,MG,2024-05-14 20:14:06.572454,106.81
user_01770,RJ,2024-05-15 20:14:06.572454,485.6
user_01771,SC,2024-05-15 20:14:06.572454,336.45
user_01772,GO,2024-05-15 20:14:06.572454,335.51
user_01773,PE,2024-05-15 20:14:06.572454,174.06
user_01774,SC,2024-05-15 20:14:06.572454,350.86
user_01775,MG,2024-05-16 20:14:06.572454,198.46
user_01776,PR,2024-05-16 20:14:06.572454,381.75
user_01777,RJ,2024-05-16 20:14:06.572454,53.31
user_01778,MG,2024-05-16 20:14:06.572454,172.93
user_01779,SC,2024-05-16 20:14:06.572454,970.42
user_01780,SP,2024-05-16 20:14:06.572454,132.47
user_01781,DF,2024-05-16 20:14:06.572454,150.95
user_01782,RJ,2024-05-17 20:14:06.572454,170.99
user_01783,PR,2024-05-17 20:14:06.572454,92.59
user_01784,PR,2024-05-17 20:14:06.572454,41.82
user_01785,GO,2024-05-17 20:14:06.572454,203.47
user_01786,PR,2024-05-17 20:14:06.572454,272.79
user_01787,PR,2024-05-17 20:14:06.572454,234.63
user_01788,SP,2024-05-17 20:14:06.572454,217.91
user_01789,RJ,2024-05-17 20:14:06.572454,253.26
user_01790,SP,2024-05-17 20:14:06.572454,554.61
user_01791,RS,2024-05-17 20:14:06.572454,210.11
user_01792,RJ,2024-05-18 20:14:06.572454,154.58
user_01793,PR,2024-05-18 20:14:06.572454,195.41
user_01794,SP,2024-05-18 20:14:06.572454,388.96
user_01795,SP,2024-05-18 20:14:06.572454,757.2
user_01796,RS,2024-05-18 20:14:06.572454,148.04
user_01797,SP,2024-05-18 20:14:06.572454,264.85
user_01798,SP,2024-05-18 20:14:06.572454,320.76
user_01799,SP,2024-05-18 20:14:06.572454,110.6
user_01800,PE,2024-05-18 20:14:06.572454,248.72
user_01801,RS,2024-05-18 20:14:06.572454,75.75
user_01802,MG,2024-05-18 20:14:06.572454,59.43
user_01803,MG,2024-05-18 20:14:06.572454,328.13
user_01804,MG,2024-05-18 20:14:06.572454,179.99
user_01805,RS,2024-05-18 20:14:06.572454,287.67
user_01806,PR,2024-05-19 20:14:06.572454,241.21
user_01807,SP,2024-05-19 20:14:06.572454,112.04
user_01808,SP,2024-05-20 20:14:06.572454,235.99
user_01809,SP,2024-05-20 20:14:06.572454,91.24
user_01810,PR,2024-05-20 20:14:06.572454,744.55
user_01811,RS,2024-05-20 20:14:06.572454,82.7
user_01812,MG,2024-05-20 20:14:06.572454,209.22
user_01813,SP,2024-05-20 20:14:06.572454,106.29
user_01814,SP,2024-05-20 20:14:06.572454,386.19
user_01815,PE,2024-05-20 20:14:06.572454,187.7
user_01816,MG,2024-05-20 20:14:06.572454,161.59
user_01817,RS,2024-05-20 20:14:06.572454,484.23
user_01818,PR,2024-05-20 20:14:06.572454,250.52
user_01819,MG,2024-05-21 20:14:06.572454,369.93
user_01820,SP,2024-05-21 20:14:06.572454,111.6
user_01821,SP,2024-05-21 20:14:06.572454,79.53
user_01822,PR,2024-05-21 20:14:06.572454,266.6
user_01823,RS,2024-05-21 20:14:06.572454,189.6
user_01824,PR,2024-05-21 20:14:06.572454,403.89
user_01825,RJ,2024-05-21 20:14:06.572454,229.54
user_01826,SP,2024-05-21 20:14:06.572454,288.32
user_01827,PE,2024-05-22 20:14:06.572454,66.77
user_01828,SC,2024-05-22 20:14:06.572454,1099.6750644723431
user_01829,MG,2024-05-22 20:14:06.572454,214.56
user_01830,CE,2024-05-22 20:14:06.572454,427.55
user_01831,PR,2024-05-22 20:14:06.572454,125.35
user_01832,BA,2024-05-22 20:14:06.572454,313.06
user_01833,RS,2024-05-22 20:14:06.572454,86.29
user_01834,SC,2024-05-22 20:14:06.572454,351.3
user_01835,PR,2024-05-23 20:14:06.572454,184.05
user_01836,SP,2024-05-23 20:14:06.572454,250.47
user_01837,MG,2024-05-23 20:14:06.572454,427.68
user_01838,DF,2024-05-23 20:14:06.572454,91.28
user_01839,SP,2024-05-23 20:14:06.572454,141.52
user_01840,MG,2024-05-24 20:14:06.572454,352.79
user_01841,RJ,2024-05-24 20:14:06.572454,1212.7155971281727
user_01842,RJ,2024-05-24 20:14:06.572454,219.1
user_01843,PR,2024-05-24 20:14:06.572454,392.65
user_01844,DF,2024-05-25 20:14:06.572454,224.62
user_01845,SP,2024-05-25 20:14:06.572454,1377.7473285071073
user_01846,SP,2024-05-25 20:14:06.572454,60.47
user_01847,SP,2024-05-25 20:14:06.572454,263.93
user_01848,GO,2024-05-25 20:14:06.572454,66.66
user_01849,PR,2024-05-25 20:14:06.572454,32.94
user_01850,MG,2024-05-25 20:14:06.572454,310.43
user_01851,SC,2024-05-25 20:14:06.572454,273.58
user_01852,GO,2024-05-26 20:14:06.572454,194.83
user_01853,SC,2024-05-26 20:14:06.572454,224.76
user_01854,DF,2024-05-26 20:14:06.572454,1302.5357425903835
user_01855,MG,2024-05-26 20:14:06.572454,199.03
user_01856,RS,2024-05-26 20:14:06.572454,368.01
user_01857,RJ,2024-05-26 20:14:06.572454,145.55
user_01858,SC,2024-05-26 20:14:06.572454,309.88
user_01859,RS,2024-05-26 20:14:06.572454,202.23
user_01860,RS,2024-05-26 20:14:06.572454,176.19
user_01861,PR,2024-05-27 20:14:06.572454,1344.3146449502717
user_01862,SP,2024-05-27 20:14:06.572454,627.5
user_01863,RJ,2024-05-27 20:14:06.572454,272.98
user_01864,CE,2024-05-27 20:14:06.572454,38.73
user_01865,DF,2024-05-27 20:14:06.572454,183.31
user_01866,SP,2024-05-28 20:14:06.572454,1141.1631753659713
user_01867,SP,2024-05-28 20:14:06.572454,203.46
user_01868,SP,2024-05-28 20:14:06.572454,591.45
user_01869,RS,2024-05-28 20:14:06.572454,775.54
user_01870,SC,2024-05-28 20:14:06.572454,291.54
user_01871,SP,2024-05-28 20:14:06.572454,124.78
user_01872,RJ,2024-05-28 20:14:06.572454,34.87
user_01873,SC,2024-05-28 20:14:06.572454,422.98
user_01874,RS,2024-05-28 20:14:06.572454,127.51
user_01875,RJ,2024-05-28 20:14:06.572454,281.72
user_01876,BA,2024-05-28 20:14:06.572454,90.03
user_01877,RJ,2024-05-28 20:14:06.572454,197.91
user_01878,MG,2024-05-29 20:14:06.572454,251.38
user_01879,BA,2024-05-29 20:14:06.572454,303.35
user_01880,PR,2024-05-29 20:14:06.572454,100.3
user_01881,GO,2024-05-29 20:14:06.572454,637.48
user_01882,PR,2024-05-29 20:14:06.572454,151.79
user_01883,RS,2024-05-29 20:14:06.572454,64.1
user_01884,SP,2024-05-29 20:14:06.572454,224.25
user_01885,RJ,2024-05-30 20:14:06.572454,251.51
user_01886,SP,2024-05-30 20:14:06.572454,278.24
user_01887,SP,2024-05-30 20:14:06.572454,727.57
user_01888,RS,2024-05-30 20:14:06.572454,202.52
user_01889,AM,2024-05-30 20:14:06.572454,222.36
user_01890,SP,2024-05-30 20:14:06.572454,101.24
user_01891,RJ,2024-05-30 20:14:06.572454,471.75
user_01892,SC,2024-05-30 20:14:06.572454,283.57
user_01893,SP,2024-05-31 20:14:06.572454,174.86
user_01894,BA,2024-05-31 20:14:06.572454,53.32
user_01895,RS,2024-05-31 20:14:06.572454,777.07
user_01896,PR,2024-05-31 20:14:06.572454,91.64
user_01897,SP,2024-05-31 20:14:06.572454,152.47
user_01898,MG,2024-05-31 20:14:06.572454,325.93
user_01899,SC,2024-05-31 20:14:06.572454,93.95
user_01900,BA,2024-06-01 20:14:06.572454,74.08
user_01901,SP,2024-06-01 20:14:06.572454,44.74
user_01902,RS,2024-06-01 20:14:06.572454,435.63
user_01903,SP,2024-06-01 20:14:06.572454,158.2
user_01904,RS,2024-06-01 20:14:06.572454,1240.7176729788027
user_01905,SP,2024-06-01 20:14:06.572454,110.44
user_01906,PE,2024-06-01 20:14:06.572454,117.08
user_01907,MG,2024-06-01 20:14:06.572454,155.66
user_01908,MG,2024-06-01 20:14:06.572454,297.23
user_01909,SP,2024-06-02 20:14:06.572454,167.98
user_01910,MG,2024-06-02 20:14:06.572454,399.36
user_01911,GO,2024-06-02 20:14:06.572454,111.85
user_01912,AM,2024-06-02 20:14:06.572454,81.02
user_01913,MG,2024-06-02 20:14:06.572454,58.06
user_01914,RJ,2024-06-02 20:14:06.572454,41.31
user_01915,RS,2024-06-03 20:14:06.572454,161.67
user_01916,GO,2024-06-03 20:14:06.572454,192.33
user_01917,BA,2024-06-03 20:14:06.572454,147.65
user_01918,MG,2024-06-03 20:14:06.572454,661.64
user_01919,RJ,2024-06-03 20:14:06.572454,653.55
user_01920,PR,2024-06-04 20:14:06.572454,187.2
user_01921,SP,2024-06-04 20:14:06.572454,58.26
user_01922,PR,2024-06-04 20:14:06.572454,155.5
user_01923,MG,2024-06-04 20:14:06.572454,151.43
user_01924,SC,2024-06-05 20:14:06.572454,144.65
user_01925,SP,2024-06-05 20:14:06.572454,140.03
user_01926,BA,2024-06-05 20:14:06.572454,145.07
user_01927,RJ,2024-06-05 20:14:06.572454,179.61
user_01928,PR,2024-06-05 20:14:06.572454,147.17
user_01929,SP,2024-06-05 20:14:06.572454,289.07
user_01930,BA,2024-06-05 20:14:06.572454,326.46
user_01931,BA,2024-06-05 20:14:06.572454,118.09
user_01932,BA,2024-06-06 20:14:06.572454,676.45
user_01933,PR,2024-06-06 20:14:06.572454,111.71
user_01934,PR,2024-06-06 20:14:06.572454,67.07
user_01935,SC,2024-06-06 20:14:06.572454,331.83
user_01936,MG,2024-06-06 20:14:06.572454,127.24
user_01937,SC,2024-06-07 20:14:06.572454,316.41
user_01938,RJ,2024-06-07 20:14:06.572454,35.77
user_01939,SP,2024-06-07 20:14:06.572454,745.43
user_01940,SP,2024-06-07 20:14:06.572454,418.98
user_01941,MG,2024-06-07 20:14:06.572454,73.67
user_01942,SC,2024-06-07 20:14:06.572454,74.96
user_01943,RS,2024-06-07 20:14:06.572454,932.45
user_01944,SC,2024-06-08 20:14:06.572454,135.65
user_01945,RJ,2024-06-08 20:14:06.572454,125.54
user_01946,RJ,2024-06-08 20:14:06.572454,39.93
user_01947,SP,2024-06-08 20:14:06.572454,184.82
user_01948,MG,2024-06-08 20:14:06.572454,203.94
user_01949,RJ,2024-06-08 20:14:06.572454,433.72
user_01950,SP,2024-06-08 20:14:06.572454,79.9
user_01951,SP,2024-06-09 20:14:06.572454,72.51
user_01952,BA,2024-06-09 20:14:06.572454,350.99
user_01953,RS,2024-06-09 20:14:06.572454,547.51
user_01954,AM,2024-06-09 20:14:06.572454,69.62
user_01955,DF,2024-06-09 20:14:06.572454,581.27
user_01956,PR,2024-06-09 20:14:06.572454,252.15
user_01957,RJ,2024-06-09 20:14:06.572454,586.07
user_01958,PR,2024-06-10 20:14:06.572454,231.33
user_01959,SC,2024-06-10 20:14:06.572454,32.53
user_01960,SP,2024-06-10 20:14:06.572454,216.68
user_01961,RJ,2024-06-10 20:14:06.572454,571.41
user_01962,SC,2024-06-10 20:14:06.572454,119.7
user_01963,MG,2024-06-10 20:14:06.572454,179.4
user_01964,BA,2024-06-10 20:14:06.572454,212.53
user_01965,BA,2024-06-11 20:14:06.572454,24.06
user_01966,SP,2024-06-11 20:14:06.572454,931.76
user_01967,MG,2024-06-11 20:14:06.572454,118.97
user_01968,MG,2024-06-11 20:14:06.572454,366.72
user_01969,SP,2024-06-11 20:14:06.572454,228.3
user_01970,SP,2024-06-11 20:14:06.572454,669.21
user_01971,SC,2024-06-11 20:14:06.572454,338.61
user_01972,MG,2024-06-11 20:14:06.572454,202.77
user_01973,RJ,2024-06-12 20:14:06.572454,119.72
user_01974,MG,2024-06-12 20:14:06.572454,463.26
user_01975,DF,2024-06-12 20:14:06.572454,54.67
user_01976,MG,2024-06-12 20:14:06.572454,410.23
user_01977,RJ,2024-06-12 20:14:06.572454,101.57
user_01978,GO,2024-06-12 20:14:06.572454,666.36
user_01979,SC,2024-06-12 20:14:06.572454,278.39
user_01980,SP,2024-06-13 20:14:06.572454,409.65
user_01981,SC,2024-06-13 20:14:06.572454,261.28
user_01982,RJ,2024-06-13 20:14:06.572454,60.23
user_01983,RJ,2024-06-13 20:14:06.572454,122.91
user_01984,SP,2024-06-13 20:14:06.572454,419.02
user_01985,SP,2024-06-14 20:14:06.572454,279.59
user_01986,RS,2024-06-14 20:14:06.572454,629.42
user_01987,RJ,2024-06-14 20:14:06.572454,337.86
user_01988,RJ,2024-06-14 20:14:06.572454,112.92
user_01989,RS,2024-06-14 20:14:06.572454,129.43
user_01990,RS,2024-06-14 20:14:06.572454,265.69
user_01991,SP,2024-06-14 20:14:06.572454,38.43
user_01992,PR,2024-06-14 20:14:06.572454,933.33
user_01993,SP,2024-06-14 20:14:06.572454,348.42
user_01994,RS,2024-06-15 20:14:06.572454,653.03
user_01995,PR,2024-06-15 20:14:06.572454,69.1
user_01996,PE,2024-06-15 20:14:06.572454,662.26
user_01997,SP,2024-06-16 20:14:06.572454,1022.1976324846635
user_01998,SP,2024-06-16 20:14:06.572454,85.05
user_01999,MG,2024-06-16 20:14:06.572454,453.56
user_02000,MG,2024-06-16 20:14:06.572454,244.91
user_02001,SP,2024-06-16 20:14:06.572454,71.13
user_02002,DF,2024-06-16 20:14:06.572454,362.97
user_02003,SP,2024-06-17 20:14:06.572454,476.7
user_02004,MG,2024-06-17 20:14:06.572454,151.27
user_02005,RS,2024-06-17 20:14:06.572454,621.87
user_02006,RJ,2024-06-17 20:14:06.572454,64.5
user_02007,RS,2024-06-17 20:14:06.572454,74.01
user_02008,SP,2024-06-17 20:14:06.572454,272.95
user_02009,RJ,2024-06-18 20:14:06.572454,249.71
user_02010,SP,2024-06-18 20:14:06.572454,137.93
user_02011,SP,2024-06-18 20:14:06.572454,467.63
user_02012,DF,2024-06-18 20:14:06.572454,374.17
user_02013,SP,2024-06-18 20:14:06.572454,486.15
user_02014,RJ,2024-06-18 20:14:06.572454,221.74
user_02015,RJ,2024-06-18 20:14:06.572454,396.26
user_02016,MG,2024-06-18 20:14:06.572454,171.31
user_02017,GO,2024-06-18 20:14:06.572454,1408.7662079790603
user_02018,SP,2024-06-18 20:14:06.572454,127.74
user_02019,PR,2024-06-18 20:14:06.572454,1494.9460811199374
user_02020,PE,2024-06-18 20:14:06.572454,251.62
user_02021,BA,2024-06-18 20:14:06.572454,81.42
user_02022,DF,2024-06-18 20:14:06.572454,731.04
user_02023,SP,2024-06-18 20:14:06.572454,270.62
user_02024,RJ,2024-06-18 20:14:06.572454,483.43
user_02025,MG,2024-06-19 20:14:06.572454,651.37
user_02026,RS,2024-06-19 20:14:06.572454,320.65
user_02027,CE,2024-06-19 20:14:06.572454,152.35
user_02028,MG,2024-06-20 20:14:06.572454,534.09
user_02029,PR,2024-06-20 20:14:06.572454,244.84
user_02030,SP,2024-06-20 20:14:06.572454,423.56
user_02031,BA,2024-06-20 20:14:06.572454,43.69
user_02032,RJ,2024-06-20 20:14:06.572454,349.88
user_02033,CE,2024-06-20 20:14:06.572454,146.81
user_02034,PR,2024-06-21 20:14:06.572454,918.41
user_02035,MG,2024-06-21 20:14:06.572454,402.81
user_02036,SP,2024-06-21 20:14:06.572454,296.45
user_02037,SP,2024-06-21 20:14:06.572454,361.06
user_02038,SP,2024-06-21 20:14:06.572454,110.08
user_02039,MG,2024-06-21 20:14:06.572454,896.6
user_02040,GO,2024-06-21 20:14:06.572454,1203.4395313123355
user_02041,BA,2024-06-21 20:14:06.572454,335.07
user_02042,RJ,2024-06-21 20:14:06.572454,873.34
user_02043,SP,2024-06-21 20:14:06.572454,155.19
user_02044,GO,2024-06-22 20:14:06.572454,129.32
user_02045,RS,2024-06-22 20:14:06.572454,252.84
user_02046,SP,2024-06-22 20:14:06.572454,346.52
user_02047,RS,2024-06-22 20:14:06.572454,178.54
user_02048,RJ,2024-06-22 20:14:06.572454,376.24
user_02049,SP,2024-06-22 20:14:06.572454,312.66
user_02050,RJ,2024-06-22 20:14:06.572454,110.1
user_02051,RJ,2024-06-22 20:14:06.572454,370.57
user_02052,SP,2024-06-22 20:14:06.572454,488.25
user_02053,DF,2024-06-22 20:14:06.572454,280.67
user_02054,SC,2024-06-23 20:14:06.572454,615.31
user_02055,PR,2024-06-23 20:14:06.572454,92.4
user_02056,RJ,2024-06-23 20:14:06.572454,355.8
user_02057,RJ,2024-06-23 20:14:06.572454,95.95
user_02058,PR,2024-06-23 20:14:06.572454,100.36
user_02059,RJ,2024-06-23 20:14:06.572454,147.71
user_02060,SP,2024-06-23 20:14:06.572454,115.16
user_02061,RJ,2024-06-23 20:14:06.572454,157.84
user_02062,SC,2024-06-23 20:14:06.572454,206.17
user_02063,RJ,2024-06-23 20:14:06.572454,478.05
user_02064,SP,2024-06-23 20:14:06.572454,189.25
user_02065,SC,2024-06-24 20:14:06.572454,68.82
user_02066,SP,2024-06-24 20:14:06.572454,609.14
user_02067,MG,2024-06-24 20:14:06.572454,125.25
user_02068,SP,2024-06-24 20:14:06.572454,233.46
user_02069,MG,2024-06-24 20:14:06.572454,349.75
user_02070,RS,2024-06-24 20:14:06.572454,287.06
user_02071,RJ,2024-06-24 20:14:06.572454,587.19
user_02072,SP,2024-06-24 20:14:06.572454,358.96
user_02073,GO,2024-06-25 20:14:06.572454,122.85
user_02074,GO,2024-06-25 20:14:06.572454,1005.4818265657717
user_02075,GO,2024-06-25 20:14:06.572454,285.85
user_02076,SP,2024-06-25 20:14:06.572454,217.48
user_02077,RJ,2024-06-25 20:14:06.572454,529.08
user_02078,CE,2024-06-25 20:14:06.572454,298.74
user_02079,RS,2024-06-25 20:14:06.572454,336.76
user_02080,SP,2024-06-25 20:14:06.572454,1084.8963197754738
user_02081,SP,2024-06-25 20:14:06.572454,196.35
user_02082,RJ,2024-06-25 20:14:06.572454,189.77
user_02083,DF,2024-06-26 20:14:06.572454,268.61
user_02084,RJ,2024-06-26 20:14:06.572454,576.64
user_02085,RJ,2024-06-26 20:14:06.572454,73.32
user_02086,SP,2024-06-26 20:14:06.572454,50.78
user_02087,PR,2024-06-26 20:14:06.572454,152.98
user_02088,SC,2024-06-27 20:14:06.572454,66.21
user_02089,MG,2024-06-27 20:14:06.572454,174.19
user_02090,RS,2024-06-27 20:14:06.572454,365.77
user_02091,PE,2024-06-27 20:14:06.572454,119.99
user_02092,SP,2024-06-27 20:14:06.572454,78.14
user_02093,RJ,2024-06-27 20:14:06.572454,258.65
user_02094,MG,2024-06-27 20:14:06.572454,487.86
user_02095,SC,2024-06-27 20:14:06.572454,63.06
user_02096,BA,2024-06-28 20:14:06.572454,471.63
user_02097,PR,2024-06-28 20:14:06.572454,470.52
user_02098,SC,2024-06-28 20:14:06.572454,524.93
user_02099,MG,2024-06-28 20:14:06.572454,648.58
user_02100,DF,2024-06-28 20:14:06.572454,1326.2634388752094
user_02101,RJ,2024-06-29 20:14:06.572454,184.04
user_02102,SP,2024-06-29 20:14:06.572454,267.11
user_02103,PR,2024-06-29 20:14:06.572454,175.36
user_02104,SC,2024-06-29 20:14:06.572454,245.08
user_02105,MG,2024-06-30 20:14:06.572454,834.05
user_02106,GO,2024-06-30 20:14:06.572454,83.43
user_02107,DF,2024-06-30 20:14:06.572454,122.87
user_02108,MG,2024-06-30 20:14:06.572454,736.38
user_02109,CE,2024-06-30 20:14:06.572454,553.37
user_02110,SP,2024-06-30 20:14:06.572454,183.0
user_02111,SP,2024-07-01 20:14:06.572454,484.7
user_02112,SP,2024-07-01 20:14:06.572454,321.49
user_02113,GO,2024-07-01 20:14:06.572454,812.58
user_02114,PR,2024-07-01 20:14:06.572454,259.72
user_02115,SP,2024-07-01 20:14:06.572454,555.85
user_02116,RJ,2024-07-01 20:14:06.572454,1306.0396591019296
user_02117,PR,2024-07-01 20:14:06.572454,394.84
user_02118,SP,2024-07-01 20:14:06.572454,254.54
user_02119,GO,2024-07-01 20:14:06.572454,436.14
user_02120,SC,2024-07-02 20:14:06.572454,182.69
user_02121,RJ,2024-07-02 20:14:06.572454,1393.9323597927719
user_02122,PE,2024-07-02 20:14:06.572454,282.61
user_02123,RJ,2024-07-02 20:14:06.572454,196.69
user_02124,CE,2024-07-02 20:14:06.572454,125.39
user_02125,PR,2024-07-02 20:14:06.572454,588.62
user_02126,PR,2024-07-02 20:14:06.572454,489.68
user_02127,SP,2024-07-02 20:14:06.572454,164.37
user_02128,GO,2024-07-03 20:14:06.572454,388.06
user_02129,RJ,2024-07-03 20:14:06.572454,73.2
user_02130,SP,2024-07-03 20:14:06.572454,283.72
user_02131,SP,2024-07-03 20:14:06.572454,351.5
user_02132,BA,2024-07-03 20:14:06.572454,958.97
user_02133,RJ,2024-07-03 20:14:06.572454,132.07
user_02134,RS,2024-07-03 20:14:06.572454,88.0
user_02135,GO,2024-07-03 20:14:06.572454,119.54
user_02136,SP,2024-07-04 20:14:06.572454,83.99
user_02137,RS,2024-07-04 20:14:06.572454,712.89
user_02138,SP,2024-07-04 20:14:06.572454,844.64
user_02139,GO,2024-07-04 20:14:06.572454,316.14
user_02140,SC,2024-07-04 20:14:06.572454,650.04
user_02141,RJ,2024-07-04 20:14:06.572454,272.37
user_02142,RS,2024-07-05 20:14:06.572454,226.76
user_02143,MG,2024-07-05 20:14:06.572454,187.46
user_02144,RJ,2024-07-05 20:14:06.572454,190.89
user_02145,SC,2024-07-05 20:14:06.572454,70.93
user_02146,RJ,2024-07-05 20:14:06.572454,302.3
user_02147,MG,2024-07-05 20:14:06.572454,236.92
user_02148,RJ,2024-07-06 20:14:06.572454,444.21
user_02149,SC,2024-07-06 20:14:06.572454,263.7
user_02150,MG,2024-07-06 20:14:06.572454,214.83
user_02151,SP,2024-07-06 20:14:06.572454,121.88
user_02152,RS,2024-07-06 20:14:06.572454,259.23
user_02153,SC,2024-07-06 20:14:06.572454,441.68
user_02154,SP,2024-07-06 20:14:06.572454,98.04
user_02155,SP,2024-07-06 20:14:06.572454,262.43
user_02156,SP,2024-07-06 20:14:06.572454,294.84
user_02157,MG,2024-07-06 20:14:06.572454,137.76
user_02158,RJ,2024-07-06 20:14:06.572454,152.89
user_02159,RS,2024-07-07 20:14:06.572454,294.27
user_02160,PR,2024-07-07 20:14:06.572454,98.82
user_02161,PR,2024-07-07 20:14:06.572454,323.74
user_02162,MG,2024-07-07 20:14:06.572454,119.55
user_02163,SC,2024-07-07 20:14:06.572454,572.65
user_02164,RJ,2024-07-07 20:14:06.572454,1126.9420054805341
user_02165,CE,2024-07-07 20:14:06.572454,122.9
user_02166,PR,2024-07-07 20:14:06.572454,375.17
user_02167,SP,2024-07-07 20:14:06.572454,136.81
user_02168,PR,2024-07-07 20:14:06.572454,562.71
user_02169,MG,2024-07-08 20:14:06.572454,88.92
user_02170,PR,2024-07-08 20:14:06.572454,359.41
user_02171,SP,2024-07-08 20:14:06.572454,121.71
user_02172,SP,2024-07-08 20:14:06.572454,207.35
user_02173,GO,2024-07-08 20:14:06.572454,107.25
user_02174,SP,2024-07-08 20:14:06.572454,472.43
user_02175,SC,2024-07-09 20:14:06.572454,125.26
user_02176,MG,2024-07-09 20:14:06.572454,380.53
user_02177,PR,2024-07-09 20:14:06.572454,185.81
user_02178,PR,2024-07-09 20:14:06.572454,223.28
user_02179,RJ,2024-07-09 20:14:06.572454,275.39
user_02180,MG,2024-07-09 20:14:06.572454,133.03
user_02181,SP,2024-07-09 20:14:06.572454,289.54
user_02182,SP,2024-07-10 20:14:06.572454,832.36
user_02183,MG,2024-07-10 20:14:06.572454,131.31
user_02184,PR,2024-07-10 20:14:06.572454,624.81
user_02185,DF,2024-07-10 20:14:06.572454,811.17
user_02186,GO,2024-07-10 20:14:06.572454,127.37
user_02187,RS,2024-07-10 20:14:06.572454,76.4
user_02188,SC,2024-07-10 20:14:06.572454,311.55
user_02189,PR,2024-07-11 20:14:06.572454,157.92
user_02190,MG,2024-07-11 20:14:06.572454,1381.815957773567
user_02191,DF,2024-07-11 20:14:06.572454,251.6
user_02192,PR,2024-07-11 20:14:06.572454,128.8
user_02193,BA,2024-07-12 20:14:06.572454,97.74
user_02194,SP,2024-07-12 20:14:06.572454,585.18
user_02195,RJ,2024-07-12 20:14:06.572454,154.94
user_02196,RJ,2024-07-12 20:14:06.572454,253.42
user_02197,GO,2024-07-12 20:14:06.572454,525.65
user_02198,RJ,2024-07-12 20:14:06.572454,166.1
user_02199,MG,2024-07-12 20:14:06.572454,235.86
user_02200,CE,2024-07-12 20:14:06.572454,241.47
user_02201,SP,2024-07-12 20:14:06.572454,422.7
user_02202,RJ,2024-07-12 20:14:06.572454,392.52
user_02203,SP,2024-07-13 20:14:06.572454,205.18
user_02204,RS,2024-07-13 20:14:06.572454,257.47
user_02205,DF,2024-07-13 20:14:06.572454,181.74
user_02206,MG,2024-07-13 20:14:06.572454,75.03
user_02207,GO,2024-07-13 20:14:06.572454,300.69
user_02208,MG,2024-07-13 20:14:06.572454,1343.992010761835
user_02209,DF,2024-07-13 20:14:06.572454,120.67
user_02210,RS,2024-07-14 20:14:06.572454,131.84
user_02211,SC,2024-07-14 20:14:06.572454,121.93
user_02212,SP,2024-07-14 20:14:06.572454,436.89
user_02213,PE,2024-07-14 20:14:06.572454,350.3
user_02214,RS,2024-07-14 20:14:06.572454,215.55
user_02215,MG,2024-07-14 20:14:06.572454,117.4
user_02216,SC,2024-07-15 20:14:06.572454,263.46
user_02217,MG,2024-07-15 20:14:06.572454,69.99
user_02218,GO,2024-07-15 20:14:06.572454,274.44
user_02219,SP,2024-07-15 20:14:06.572454,491.38
user_02220,RS,2024-07-15 20:14:06.572454,89.93
user_02221,RJ,2024-07-15 20:14:06.572454,71.81
user_02222,SP,2024-07-15 20:14:06.572454,865.71
user_02223,SP,2024-07-15 20:14:06.572454,149.99
user_02224,SP,2024-07-15 20:14:06.572454,607.14
user_02225,RJ,2024-07-16 20:14:06.572454,216.33
user_02226,MG,2024-07-16 20:14:06.572454,214.96
user_02227,BA,2024-07-16 20:14:06.572454,347.49
user_02228,MG,2024-07-16 20:14:06.572454,120.64
user_02229,MG,2024-07-16 20:14:06.572454,272.05
user_02230,RS,2024-07-16 20:14:06.572454,180.33
user_02231,SP,2024-07-17 20:14:06.572454,85.08
user_02232,DF,2024-07-17 20:14:06.572454,320.53
user_02233,GO,2024-07-17 20:14:06.572454,198.22
user_02234,PR,2024-07-17 20:14:06.572454,215.81
user_02235,BA,2024-07-17 20:14:06.572454,92.93
user_02236,GO,2024-07-17 20:14:06.572454,874.03
user_02237,SP,2024-07-18 20:14:06.572454,493.43
user_02238,SP,2024-07-18 20:14:06.572454,529.18
user_02239,SP,2024-07-18 20:14:06.572454,191.64
user_02240,SC,2024-07-18 20:14:06.572454,61.35
user_02241,SP,2024-07-18 20:14:06.572454,1161.4072488569216
user_02242,BA,2024-07-18 20:14:06.572454,233.02
user_02243,AM,2024-07-18 20:14:06.572454,134.42
user_02244,GO,2024-07-18 20:14:06.572454,341.53
user_02245,RJ,2024-07-18 20:14:06.572454,622.47
user_02246,SP,2024-07-19 20:14:06.572454,240.22
user_02247,SC,2024-07-19 20:14:06.572454,680.52
user_02248,BA,2024-07-19 20:14:06.572454,581.96
user_02249,SP,2024-07-20 20:14:06.572454,103.43
user_02250,SP,2024-07-20 20:14:06.572454,142.73
user_02251,DF,2024-07-20 20:14:06.572454,526.38
user_02252,PR,2024-07-20 20:14:06.572454,27.94
user_02253,SC,2024-07-20 20:14:06.572454,217.12
user_02254,GO,2024-07-20 20:14:06.572454,77.89
user_02255,BA,2024-07-21 20:14:06.572454,167.13
user_02256,RJ,2024-07-21 20:14:06.572454,192.66
user_02257,RJ,2024-07-21 20:14:06.572454,183.72
user_02258,MG,2024-07-21 20:14:06.572454,157.31
user_02259,RJ,2024-07-21 20:14:06.572454,101.73
user_02260,RS,2024-07-21 20:14:06.572454,1272.744074028481
user_02261,PR,2024-07-21 20:14:06.572454,1073.6369042491633
user_02262,GO,2024-07-21 20:14:06.572454,96.58
user_02263,RJ,2024-07-21 20:14:06.572454,867.57
user_02264,PR,2024-07-21 20:14:06.572454,177.76
user_02265,PR,2024-07-21 20:14:06.572454,271.33
user_02266,BA,2024-07-22 20:14:06.572454,232.61
user_02267,RS,2024-07-22 20:14:06.572454,144.34
user_02268,SP,2024-07-22 20:14:06.572454,537.58
user_02269,RJ,2024-07-22 20:14:06.572454,270.62
user_02270,SP,2024-07-22 20:14:06.572454,167.13
user_02271,MG,2024-07-23 20:14:06.572454,86.17
user_02272,RJ,2024-07-23 20:14:06.572454,119.72
user_02273,PR,2024-07-23 20:14:06.572454,65.82
user_02274,PE,2024-07-23 20:14:06.572454,247.1
user_02275,PR,2024-07-23 20:14:06.572454,93.94
user_02276,RS,2024-07-23 20:14:06.572454,197.86
user_02277,RJ,2024-07-24 20:14:06.572454,732.22
user_02278,PR,2024-07-24 20:14:06.572454,638.7
user_02279,SP,2024-07-24 20:14:06.572454,238.45
user_02280,MG,2024-07-24 20:14:06.572454,228.23
user_02281,MG,2024-07-24 20:14:06.572454,1226.2822517177913
user_02282,RJ,2024-07-24 20:14:06.572454,371.15
user_02283,SP,2024-07-24 20:14:06.572454,188.25
user_02284,SP,2024-07-24 20:14:06.572454,78.19
user_02285,MG,2024-07-24 20:14:06.572454,335.32
user_02286,CE,2024-07-25 20:14:06.572454,475.07
user_02287,MG,2024-07-25 20:14:06.572454,147.63
user_02288,RJ,2024-07-25 20:14:06.572454,308.88
user_02289,SP,2024-07-25 20:14:06.572454,182.94
user_02290,PR,2024-07-25 20:14:06.572454,211.19
user_02291,MG,2024-07-25 20:14:06.572454,33.44
user_02292,SP,2024-07-25 20:14:06.572454,204.91
user_02293,RJ,2024-07-25 20:14:06.572454,531.39
user_02294,SP,2024-07-25 20:14:06.572454,147.65
user_02295,SP,2024-07-25 20:14:06.572454,255.19
user_02296,SP,2024-07-25 20:14:06.572454,133.65
user_02297,SP,2024-07-25 20:14:06.572454,326.47
user_02298,SP,2024-07-25 20:14:06.572454,205.77
user_02299,MG,2024-07-26 20:14:06.572454,115.42
user_02300,SC,2024-07-26 20:14:06.572454,710.55
user_02301,BA,2024-07-26 20:14:06.572454,514.47
user_02302,RJ,2024-07-26 20:14:06.572454,150.82
user_02303,MG,2024-07-26 20:14:06.572454,364.39
user_02304,DF,2024-07-26 20:14:06.572454,376.13
user_02305,MG,2024-07-27 20:14:06.572454,409.05
user_02306,SP,2024-07-27 20:14:06.572454,63.09
user_02307,PR,2024-07-27 20:14:06.572454,547.46
user_02308,SP,2024-07-27 20:14:06.572454,155.13
user_02309,MG,2024-07-27 20:14:06.572454,183.78
user_02310,RJ,2024-07-27 20:14:06.572454,1440.5986697778205
user_02311,GO,2024-07-28 20:14:06.572454,311.53
user_02312,RJ,2024-07-28 20:14:06.572454,179.64
user_02313,RS,2024-07-29 20:14:06.572454,41.92
user_02314,AM,2024-07-29 20:14:06.572454,743.83
user_02315,SP,2024-07-29 20:14:06.572454,83.42
user_02316,MG,2024-07-29 20:14:06.572454,109.65
user_02317,MG,2024-07-29 20:14:06.572454,187.71
user_02318,RJ,2024-07-29 20:14:06.572454,759.86
user_02319,RJ,2024-07-29 20:14:06.572454,454.22
user_02320,DF,2024-07-29 20:14:06.572454,215.67
user_02321,RS,2024-07-30 20:14:06.572454,313.13
user_02322,PR,2024-07-30 20:14:06.572454,151.36
user_02323,MG,2024-07-30 20:14:06.572454,273.62
user_02324,SC,2024-07-30 20:14:06.572454,259.48
user_02325,PE,2024-07-30 20:14:06.572454,531.13
user_02326,SC,2024-07-30 20:14:06.572454,530.46
user_02327,SP,2024-07-30 20:14:06.572454,363.28
user_02328,PR,2024-07-31 20:14:06.572454,183.12
user_02329,SP,2024-07-31 20:14:06.572454,442.95
user_02330,MG,2024-07-31 20:14:06.572454,227.34
user_02331,SP,2024-07-31 20:14:06.572454,102.97
user_02332,PR,2024-07-31 20:14:06.572454,177.22
user_02333,PR,2024-07-31 20:14:06.572454,261.81
user_02334,SP,2024-07-31 20:14:06.572454,506.83
user_02335,MG,2024-08-01 20:14:06.572454,211.28
user_02336,RJ,2024-08-01 20:14:06.572454,93.0
user_02337,MG,2024-08-01 20:14:06.572454,256.06
user_02338,SP,2024-08-01 20:14:06.572454,267.94
user_02339,RJ,2024-08-01 20:14:06.572454,283.91
user_02340,RS,2024-08-01 20:14:06.572454,510.76
user_02341,SP,2024-08-01 20:14:06.572454,552.88
user_02342,SP,2024-08-02 20:14:06.572454,152.11
user_02343,MG,2024-08-02 20:14:06.572454,149.47
user_02344,DF,2024-08-02 20:14:06.572454,106.47
user_02345,PR,2024-08-02 20:14:06.572454,427.97
user_02346,PR,2024-08-02 20:14:06.572454,779.81
user_02347,MG,2024-08-02 20:14:06.572454,190.17
user_02348,BA,2024-08-03 20:14:06.572454,201.71
user_02349,SP,2024-08-03 20:14:06.572454,791.1
user_02350,PR,2024-08-03 20:14:06.572454,366.66
user_02351,DF,2024-08-03 20:14:06.572454,346.88
user_02352,PR,2024-08-03 20:14:06.572454,94.37
user_02353,GO,2024-08-03 20:14:06.572454,421.15
user_02354,RS,2024-08-03 20:14:06.572454,116.36
user_02355,SP,2024-08-03 20:14:06.572454,98.77
user_02356,DF,2024-08-04 20:14:06.572454,185.41
user_02357,SP,2024-08-04 20:14:06.572454,153.14
user_02358,RJ,2024-08-04 20:14:06.572454,204.94
user_02359,SP,2024-08-05 20:14:06.572454,77.26
user_02360,SP,2024-08-05 20:14:06.572454,526.92
user_02361,RJ,2024-08-05 20:14:06.572454,603.14
user_02362,MG,2024-08-05 20:14:06.572454,51.53
user_02363,RJ,2024-08-05 20:14:06.572454,535.27
user_02364,BA,2024-08-06 20:14:06.572454,127.94
user_02365,SP,2024-08-06 20:14:06.572454,485.69
user_02366,SP,2024-08-06 20:14:06.572454,231.65
user_02367,BA,2024-08-06 20:14:06.572454,250.39
user_02368,MG,2024-08-06 20:14:06.572454,211.01
user_02369,RS,2024-08-06 20:14:06.572454,645.29
user_02370,PR,2024-08-06 20:14:06.572454,90.77
user_02371,SC,2024-08-07 20:14:06.572454,397.93
user_02372,PR,2024-08-07 20:14:06.572454,590.56
user_02373,RJ,2024-08-07 20:14:06.572454,434.01
user_02374,PR,2024-08-07 20:14:06.572454,1210.5956899126954
user_02375,MG,2024-08-07 20:14:06.572454,160.27
user_02376,MG,2024-08-07 20:14:06.572454,526.29
user_02377,SC,2024-08-07 20:14:06.572454,224.78
user_02378,RJ,2024-08-07 20:14:06.572454,656.37
user_02379,SC,2024-08-07 20:14:06.572454,243.19
user_02380,SC,2024-08-07 20:14:06.572454,179.41
user_02381,GO,2024-08-08 20:14:06.572454,695.66
user_02382,DF,2024-08-08 20:14:06.572454,165.13
user_02383,RJ,2024-08-08 20:14:06.572454,79.03
user_02384,MG,2024-08-08 20:14:06.572454,161.83
user_02385,BA,2024-08-08 20:14:06.572454,401.51
user_02386,MG,2024-08-08 20:14:06.572454,745.18
user_02387,PR,2024-08-08 20:14:06.572454,267.44
user_02388,RS,2024-08-08 20:14:06.572454,702.44
user_02389,PR,2024-08-09 20:14:06.572454,82.55
user_02390,MG,2024-08-09 20:14:06.572454,171.64
user_02391,SP,2024-08-09 20:14:06.572454,194.25
user_02392,RJ,2024-08-09 20:14:06.572454,223.26
user_02393,SP,2024-08-09 20:14:06.572454,261.72
user_02394,GO,2024-08-09 20:14:06.572454,425.27
user_02395,MG,2024-08-10 20:14:06.572454,171.43
user_02396,SP,2024-08-10 20:14:06.572454,273.48
user_02397,SP,2024-08-10 20:14:06.572454,236.02
user_02398,PR,2024-08-10 20:14:06.572454,116.66
user_02399,PR,2024-08-11 20:14:06.572454,223.42
user_02400,MG,2024-08-11 20:14:06.572454,218.13
user_02401,SP,2024-08-11 20:14:06.572454,214.42
user_02402,RJ,2024-08-11 20:14:06.572454,250.99
user_02403,MG,2024-08-11 20:14:06.572454,259.96
user_02404,PR,2024-08-11 20:14:06.572454,173.15
user_02405,PR,2024-08-12 20:14:06.572454,677.34
user_02406,MG,2024-08-12 20:14:06.572454,96.01
user_02407,SP,2024-08-12 20:14:06.572454,137.45
user_02408,CE,2024-08-12 20:14:06.572454,1419.783353237711
user_02409,RJ,2024-08-12 20:14:06.572454,106.66
user_02410,PR,2024-08-13 20:14:06.572454,82.85
user_02411,SP,2024-08-13 20:14:06.572454,440.36
user_02412,RJ,2024-08-13 20:14:06.572454,46.45
user_02413,SP,2024-08-13 20:14:06.572454,202.71
user_02414,RJ,2024-08-13 20:14:06.572454,1295.1266826298472
user_02415,PE,2024-08-13 20:14:06.572454,71.1
user_02416,MG,2024-08-14 20:14:06.572454,50.12
user_02417,SP,2024-08-14 20:14:06.572454,73.75
user_02418,SP,2024-08-14 20:14:06.572454,502.04
user_02419,MG,2024-08-14 20:14:06.572454,601.74
user_02420,SP,2024-08-14 20:14:06.572454,162.38
user_02421,SP,2024-08-14 20:14:06.572454,422.66
user_02422,RS,2024-08-14 20:14:06.572454,744.12
user_02423,RJ,2024-08-14 20:14:06.572454,1095.9383565511785
user_02424,MG,2024-08-14 20:14:06.572454,200.93
user_02425,DF,2024-08-15 20:14:06.572454,38.82
user_02426,SP,2024-08-15 20:14:06.572454,126.89
user_02427,PE,2024-08-15 20:14:06.572454,173.91
user_02428,MG,2024-08-15 20:14:06.572454,198.91
user_02429,GO,2024-08-15 20:14:06.572454,210.55
user_02430,PR,2024-08-15 20:14:06.572454,598.91
user_02431,SC,2024-08-15 20:14:06.572454,678.27
user_02432,CE,2024-08-15 20:14:06.572454,213.29
user_02433,MG,2024-08-15 20:14:06.572454,589.21
user_02434,PE,2024-08-16 20:14:06.572454,325.75
user_02435,MG,2024-08-16 20:14:06.572454,257.65
user_02436,MG,2024-08-16 20:14:06.572454,505.34
user_02437,MG,2024-08-17 20:14:06.572454,259.25
user_02438,RJ,2024-08-17 20:14:06.572454,1290.5531223489481
user_02439,SP,2024-08-17 20:14:06.572454,77.42
user_02440,BA,2024-08-17 20:14:06.572454,162.04
user_02441,RJ,2024-08-17 20:14:06.572454,221.14
user_02442,RS,2024-08-17 20:14:06.572454,347.78
user_02443,SC,2024-08-17 20:14:06.572454,674.77
user_02444,RJ,2024-08-17 20:14:06.572454,239.96
user_02445,MG,2024-08-18 20:14:06.572454,78.43
user_02446,MG,2024-08-18 20:14:06.572454,480.11
user_02447,SP,2024-08-18 20:14:06.572454,447.63
user_02448,SP,2024-08-18 20:14:06.572454,51.75
user_02449,MG,2024-08-18 20:14:06.572454,243.95
user_02450,MG,2024-08-19 20:14:06.572454,68.57
user_02451,PE,2024-08-19 20:14:06.572454,143.78
user_02452,BA,2024-08-20 20:14:06.572454,118.84
user_02453,MG,2024-08-20 20:14:06.572454,467.51
user_02454,BA,2024-08-20 20:14:06.572454,268.66
user_02455,SP,2024-08-21 20:14:06.572454,87.49
user_02456,RJ,2024-08-21 20:14:06.572454,494.75
user_02457,PR,2024-08-21 20:14:06.572454,77.71
user_02458,RJ,2024-08-21 20:14:06.572454,318.65
user_02459,RJ,2024-08-21 20:14:06.572454,127.59
user_02460,AM,2024-08-21 20:14:06.572454,182.63
user_02461,GO,2024-08-21 20:14:06.572454,366.29
user_02462,PR,2024-08-22 20:14:06.572454,371.36
user_02463,BA,2024-08-22 20:14:06.572454,713.07
user_02464,PR,2024-08-22 20:14:06.572454,229.11
user_02465,SP,2024-08-22 20:14:06.572454,312.67
user_02466,MG,2024-08-22 20:14:06.572454,172.4
user_02467,SP,2024-08-22 20:14:06.572454,283.04
user_02468,RJ,2024-08-22 20:14:06.572454,347.79
user_02469,RJ,2024-08-22 20:14:06.572454,226.18
user_02470,SP,2024-08-22 20:14:06.572454,57.8
user_02471,PE,2024-08-22 20:14:06.572454,319.0
user_02472,DF,2024-08-22 20:14:06.572454,327.55
user_02473,RS,2024-08-23 20:14:06.572454,142.0
user_02474,RJ,2024-08-23 20:14:06.572454,87.57
user_02475,GO,2024-08-23 20:14:06.572454,796.88
user_02476,SP,2024-08-23 20:14:06.572454,362.55
user_02477,SC,2024-08-23 20:14:06.572454,203.72
user_02478,SP,2024-08-23 20:14:06.572454,98.53
user_02479,SC,2024-08-24 20:14:06.572454,126.79
user_02480,MG,2024-08-24 20:14:06.572454,693.72
user_02481,GO,2024-08-24 20:14:06.572454,273.18
user_02482,DF,2024-08-24 20:14:06.572454,157.52
user_02483,SP,2024-08-24 20:14:06.572454,367.88
user_02484,RJ,2024-08-24 20:14:06.572454,127.55
user_02485,CE,2024-08-24 20:14:06.572454,812.95
user_02486,RJ,2024-08-24 20:14:06.572454,722.16
user_02487,GO,2024-08-24 20:14:06.572454,168.47
user_02488,BA,2024-08-25 20:14:06.572454,147.98
user_02489,MG,2024-08-25 20:14:06.572454,30.13
user_02490,MG,2024-08-25 20:14:06.572454,74.79
user_02491,SP,2024-08-25 20:14:06.572454,83.8
user_02492,RS,2024-08-25 20:14:06.572454,272.64
user_02493,MG,2024-08-25 20:14:06.572454,188.48
user_02494,RJ,2024-08-25 20:14:06.572454,83.41
user_02495,RJ,2024-08-25 20:14:06.572454,195.4
user_02496,BA,2024-08-25 20:14:06.572454,366.6
user_02497,GO,2024-08-25 20:14:06.572454,373.26
user_02498,CE,2024-08-26 20:14:06.572454,53.53
user_02499,RJ,2024-08-26 20:14:06.572454,220.83
user_02500,SC,2024-08-26 20:14:06.572454,80.91
user_02501,RS,2024-08-26 20:14:06.572454,503.4
user_02502,BA,2024-08-27 20:14:06.572454,458.21
user_02503,PE,2024-08-27 20:14:06.572454,119.29
user_02504,SP,2024-08-27 20:14:06.572454,132.58
user_02505,SP,2024-08-27 20:14:06.572454,169.18
user_02506,GO,2024-08-28 20:14:06.572454,40.36
user_02507,RJ,2024-08-28 20:14:06.572454,320.15
user_02508,SC,2024-08-28 20:14:06.572454,196.71
user_02509,GO,2024-08-28 20:14:06.572454,531.73
user_02510,SP,2024-08-28 20:14:06.572454,101.62
user_02511,GO,2024-08-28 20:14:06.572454,149.11
user_02512,RJ,2024-08-29 20:14:06.572454,73.32
user_02513,RJ,2024-08-29 20:14:06.572454,109.57
user_02514,PR,2024-08-29 20:14:06.572454,95.05
user_02515,DF,2024-08-29 20:14:06.572454,542.82
user_02516,SP,2024-08-29 20:14:06.572454,139.96
user_02517,RJ,2024-08-29 20:14:06.572454,270.25
user_02518,PR,2024-08-29 20:14:06.572454,180.44
user_02519,RS,2024-08-30 20:14:06.572454,88.63
user_02520,PR,2024-08-30 20:14:06.572454,213.87
user_02521,SP,2024-08-30 20:14:06.572454,395.16
user_02522,MG,2024-08-30 20:14:06.572454,93.11
user_02523,MG,2024-08-31 20:14:06.572454,467.45
user_02524,SC,2024-08-31 20:14:06.572454,123.99
user_02525,MG,2024-08-31 20:14:06.572454,166.27
user_02526,SP,2024-08-31 20:14:06.572454,374.11
user_02527,PE,2024-08-31 20:14:06.572454,143.92
user_02528,SP,2024-08-31 20:14:06.572454,252.16
user_02529,AM,2024-08-31 20:14:06.572454,190.23
user_02530,PR,2024-08-31 20:14:06.572454,271.37
user_02531,SC,2024-09-01 20:14:06.572454,36.43
user_02532,MG,2024-09-01 20:14:06.572454,56.61
user_02533,SP,2024-09-01 20:14:06.572454,400.52
user_02534,RS,2024-09-01 20:14:06.572454,561.01
user_02535,SC,2024-09-01 20:14:06.572454,118.11
user_02536,RS,2024-09-01 20:14:06.572454,201.3
user_02537,SP,2024-09-01 20:14:06.572454,309.75
user_02538,RS,2024-09-01 20:14:06.572454,426.06
user_02539,RS,2024-09-01 20:14:06.572454,48.32
user_02540,PR,2024-09-01 20:14:06.572454,120.44
user_02541,RS,2024-09-02 20:14:06.572454,187.53
user_02542,SC,2024-09-02 20:14:06.572454,429.45
user_02543,PR,2024-09-02 20:14:06.572454,1252.9916645785318
user_02544,SP,2024-09-02 20:14:06.572454,203.89
user_02545,RJ,2024-09-03 20:14:06.572454,79.39
user_02546,SP,2024-09-03 20:14:06.572454,337.58
user_02547,RJ,2024-09-03 20:14:06.572454,704.01
user_02548,RJ,2024-09-03 20:14:06.572454,266.78
user_02549,SP,2024-09-03 20:14:06.572454,118.47
user_02550,MG,2024-09-03 20:14:06.572454,526.58
user_02551,SP,2024-09-03 20:14:06.572454,416.06
user_02552,SC,2024-09-03 20:14:06.572454,107.68
user_02553,DF,2024-09-03 20:14:06.572454,332.0
user_02554,SP,2024-09-04 20:14:06.572454,543.38
user_02555,PE,2024-09-04 20:14:06.572454,629.87
user_02556,RJ,2024-09-04 20:14:06.572454,232.02
user_02557,MG,2024-09-04 20:14:06.572454,183.74
user_02558,SP,2024-09-04 20:14:06.572454,653.16
user_02559,RJ,2024-09-04 20:14:06.572454,92.93
user_02560,SC,2024-09-05 20:14:06.572454,347.53
user_02561,RS,2024-09-05 20:14:06.572454,81.78
user_02562,SP,2024-09-05 20:14:06.572454,573.81
user_02563,SP,2024-09-05 20:14:06.572454,199.05
user_02564,RJ,2024-09-05 20:14:06.572454,675.1
user_02565,MG,2024-09-05 20:14:06.572454,362.54
user_02566,SP,2024-09-05 20:14:06.572454,91.97
user_02567,MG,2024-09-05 20:14:06.572454,764.87
user_02568,SC,2024-09-06 20:14:06.572454,846.4
user_02569,DF,2024-09-06 20:14:06.572454,495.63
user_02570,RJ,2024-09-06 20:14:06.572454,133.05
user_02571,DF,2024-09-06 20:14:06.572454,191.56
user_02572,MG,2024-09-06 20:14:06.572454,274.88
user_02573,RJ,2024-09-06 20:14:06.572454,139.36
user_02574,SP,2024-09-06 20:14:06.572454,947.55
user_02575,PR,2024-09-06 20:14:06.572454,274.64
user_02576,CE,2024-09-06 20:14:06.572454,28.14
user_02577,PR,2024-09-06 20:14:06.572454,321.01
user_02578,MG,2024-09-06 20:14:06.572454,185.21
user_02579,PR,2024-09-06 20:14:06.572454,230.46
user_02580,SP,2024-09-07 20:14:06.572454,182.2
user_02581,GO,2024-09-07 20:14:06.572454,466.68
user_02582,RJ,2024-09-07 20:14:06.572454,599.29
user_02583,RJ,2024-09-07 20:14:06.572454,306.88
user_02584,BA,2024-09-07 20:14:06.572454,186.52
user_02585,PR,2024-09-07 20:14:06.572454,236.73
user_02586,SP,2024-09-08 20:14:06.572454,248.56
user_02587,PR,2024-09-08 20:14:06.572454,128.77
user_02588,SP,2024-09-08 20:14:06.572454,388.83
user_02589,RS,2024-09-08 20:14:06.572454,353.55
user_02590,SC,2024-09-08 20:14:06.572454,839.12
user_02591,SC,2024-09-08 20:14:06.572454,667.99
user_02592,BA,2024-09-08 20:14:06.572454,141.38
user_02593,RJ,2024-09-09 20:14:06.572454,471.65
user_02594,SP,2024-09-09 20:14:06.572454,114.35
user_02595,RS,2024-09-09 20:14:06.572454,426.98
user_02596,MG,2024-09-09 20:14:06.572454,161.86
user_02597,RJ,2024-09-09 20:14:06.572454,107.92
user_02598,MG,2024-09-09 20:14:06.572454,306.14
user_02599,SP,2024-09-09 20:14:06.572454,28.8
user_02600,PR,2024-09-09 20:14:06.572454,60.29
user_02601,SP,2024-09-10 20:14:06.572454,212.3
user_02602,RS,2024-09-10 20:14:06.572454,261.37
user_02603,MG,2024-09-10 20:14:06.572454,182.1
user_02604,SP,2024-09-10 20:14:06.572454,69.16
user_02605,RJ,2024-09-10 20:14:06.572454,127.19
user_02606,SP,2024-09-11 20:14:06.572454,334.61
user_02607,MG,2024-09-11 20:14:06.572454,389.72
user_02608,RS,2024-09-11 20:14:06.572454,241.54
user_02609,SP,2024-09-12 20:14:06.572454,617.37
user_02610,SC,2024-09-12 20:14:06.572454,336.27
user_02611,SP,2024-09-12 20:14:06.572454,134.56
user_02612,SP,2024-09-12 20:14:06.572454,195.51
user_02613,RS,2024-09-12 20:14:06.572454,79.66
user_02614,MG,2024-09-12 20:14:06.572454,224.41
user_02615,SP,2024-09-12 20:14:06.572454,595.67
user_02616,MG,2024-09-12 20:14:06.572454,423.36
user_02617,MG,2024-09-12 20:14:06.572454,751.15
user_02618,SC,2024-09-12 20:14:06.572454,192.04
user_02619,MG,2024-09-12 20:14:06.572454,718.29
user_02620,SC,2024-09-13 20:14:06.572454,209.63
user_02621,GO,2024-09-13 20:14:06.572454,794.15
user_02622,RJ,2024-09-13 20:14:06.572454,240.45
user_02623,DF,2024-09-13 20:14:06.572454,430.86
user_02624,MG,2024-09-13 20:14:06.572454,796.39
user_02625,PE,2024-09-13 20:14:06.572454,209.61
user_02626,SP,2024-09-13 20:14:06.572454,291.4
user_02627,PR,2024-09-13 20:14:06.572454,686.15
user_02628,RJ,2024-09-13 20:14:06.572454,219.99
user_02629,MG,2024-09-13 20:14:06.572454,85.05
user_02630,PR,2024-09-13 20:14:06.572454,1199.320667598192
user_02631,RS,2024-09-13 20:14:06.572454,168.04
user_02632,SP,2024-09-13 20:14:06.572454,277.83
user_02633,SP,2024-09-14 20:14:06.572454,616.96
user_02634,RS,2024-09-14 20:14:06.572454,150.39
user_02635,PR,2024-09-14 20:14:06.572454,109.26
user_02636,PE,2024-09-14 20:14:06.572454,299.76
user_02637,RS,2024-09-14 20:14:06.572454,58.3
user_02638,PE,2024-09-14 20:14:06.572454,194.35
user_02639,RS,2024-09-14 20:14:06.572454,297.68
user_02640,MG,2024-09-14 20:14:06.572454,197.16
user_02641,SP,2024-09-15 20:14:06.572454,71.18
user_02642,SC,2024-09-15 20:14:06.572454,875.98
user_02643,PR,2024-09-15 20:14:06.572454,265.82
user_02644,SP,2024-09-15 20:14:06.572454,768.87
user_02645,MG,2024-09-15 20:14:06.572454,198.73
user_02646,PE,2024-09-15 20:14:06.572454,121.02
user_02647,RJ,2024-09-15 20:14:06.572454,303.49
user_02648,RJ,2024-09-16 20:14:06.572454,205.9
user_02649,RJ,2024-09-16 20:14:06.572454,95.37
user_02650,SP,2024-09-16 20:14:06.572454,793.0
user_02651,MG,2024-09-16 20:14:06.572454,148.74
user_02652,MG,2024-09-16 20:14:06.572454,56.14
user_02653,SP,2024-09-16 20:14:06.572454,708.06
user_02654,RS,2024-09-16 20:14:06.572454,163.46
user_02655,RJ,2024-09-16 20:14:06.572454,150.47
user_02656,SC,2024-09-16 20:14:06.572454,59.6
user_02657,GO,2024-09-16 20:14:06.572454,985.11
user_02658,SP,2024-09-16 20:14:06.572454,87.22
user_02659,PR,2024-09-16 20:14:06.572454,256.41
user_02660,RJ,2024-09-17 20:14:06.572454,507.8
user_02661,GO,2024-09-17 20:14:06.572454,342.88
user_02662,SP,2024-09-17 20:14:06.572454,233.29
user_02663,PR,2024-09-17 20:14:06.572454,62.72
user_02664,PR,2024-09-17 20:14:06.572454,128.02
user_02665,MG,2024-09-17 20:14:06.572454,284.36
user_02666,SP,2024-09-17 20:14:06.572454,130.35
user_02667,PR,2024-09-18 20:14:06.572454,287.92
user_02668,RS,2024-09-18 20:14:06.572454,422.16
user_02669,MG,2024-09-18 20:14:06.572454,528.48
user_02670,PR,2024-09-18 20:14:06.572454,91.75
user_02671,MG,2024-09-18 20:14:06.572454,1059.8152197580353
user_02672,RS,2024-09-19 20:14:06.572454,452.14
user_02673,SP,2024-09-19 20:14:06.572454,244.36
user_02674,GO,2024-09-19 20:14:06.572454,585.01
user_02675,MG,2024-09-19 20:14:06.572454,1208.3543319236148
user_02676,MG,2024-09-19 20:14:06.572454,77.4
user_02677,SP,2024-09-19 20:14:06.572454,204.34
user_02678,SP,2024-09-19 20:14:06.572454,36.5
user_02679,RJ,2024-09-19 20:14:06.572454,285.47
user_02680,MG,2024-09-20 20:14:06.572454,327.77
user_02681,SC,2024-09-20 20:14:06.572454,237.14
user_02682,SP,2024-09-20 20:14:06.572454,144.95
user_02683,MG,2024-09-20 20:14:06.572454,47.48
user_02684,MG,2024-09-20 20:14:06.572454,329.91
user_02685,SP,2024-09-20 20:14:06.572454,783.95
user_02686,SP,2024-09-21 20:14:06.572454,152.5
user_02687,RJ,2024-09-21 20:14:06.572454,347.95
user_02688,RJ,2024-09-21 20:14:06.572454,69.79
user_02689,RJ,2024-09-21 20:14:06.572454,352.75
user_02690,RJ,2024-09-21 20:14:06.572454,178.63
user_02691,BA,2024-09-21 20:14:06.572454,132.96
user_02692,SP,2024-09-21 20:14:06.572454,133.18
user_02693,RJ,2024-09-21 20:14:06.572454,178.59
user_02694,PE,2024-09-21 20:14:06.572454,332.27
user_02695,RJ,2024-09-22 20:14:06.572454,85.65
user_02696,PR,2024-09-22 20:14:06.572454,178.09
user_02697,MG,2024-09-22 20:14:06.572454,236.71
user_02698,RS,2024-09-22 20:14:06.572454,101.57
user_02699,RS,2024-09-22 20:14:06.572454,1036.3811881198135
user_02700,RJ,2024-09-23 20:14:06.572454,123.62
user_02701,CE,2024-09-23 20:14:06.572454,143.23
user_02702,SP,2024-09-23 20:14:06.572454,111.87
user_02703,SP,2024-09-24 20:14:06.572454,1049.3845256993757
user_02704,RS,2024-09-24 20:14:06.572454,380.82
user_02705,SC,2024-09-24 20:14:06.572454,115.67
user_02706,SP,2024-09-25 20:14:06.572454,592.88
user_02707,MG,2024-09-25 20:14:06.572454,287.31
user_02708,SP,2024-09-25 20:14:06.572454,300.61
user_02709,MG,2024-09-26 20:14:06.572454,185.75
user_02710,RS,2024-09-26 20:14:06.572454,134.35
user_02711,RJ,2024-09-26 20:14:06.572454,320.61
user_02712,MG,2024-09-26 20:14:06.572454,158.21
user_02713,MG,2024-09-26 20:14:06.572454,1207.958266466358
user_02714,SP,2024-09-26 20:14:06.572454,88.64
user_02715,MG,2024-09-26 20:14:06.572454,836.25
user_02716,PR,2024-09-27 20:14:06.572454,223.84
user_02717,CE,2024-09-27 20:14:06.572454,310.84
user_02718,SC,2024-09-27 20:14:06.572454,476.53
user_02719,SP,2024-09-28 20:14:06.572454,147.79
user_02720,GO,2024-09-28 20:14:06.572454,488.53
user_02721,SC,2024-09-28 20:14:06.572454,28.05
user_02722,SC,2024-09-28 20:14:06.572454,137.55
user_02723,RJ,2024-09-28 20:14:06.572454,116.83
user_02724,MG,2024-09-29 20:14:06.572454,89.77
user_02725,MG,2024-09-29 20:14:06.572454,206.03
user_02726,SP,2024-09-29 20:14:06.572454,333.15
user_02727,SP,2024-09-29 20:14:06.572454,429.29
user_02728,SP,2024-09-29 20:14:06.572454,296.69
user_02729,RJ,2024-09-29 20:14:06.572454,143.66
user_02730,RS,2024-09-29 20:14:06.572454,328.72
user_02731,RJ,2024-09-29 20:14:06.572454,270.27
user_02732,SP,2024-09-29 20:14:06.572454,517.41
user_02733,PE,2024-09-29 20:14:06.572454,455.57
user_02734,DF,2024-09-29 20:14:06.572454,250.73
user_02735,SC,2024-09-29 20:14:06.572454,119.37
user_02736,AM,2024-09-30 20:14:06.572454,145.13
user_02737,RJ,2024-09-30 20:14:06.572454,157.62
user_02738,PE,2024-09-30 20:14:06.572454,190.14
user_02739,SP,2024-09-30 20:14:06.572454,303.21
user_02740,MG,2024-09-30 20:14:06.572454,433.61
user_02741,SP,2024-09-30 20:14:06.572454,234.89
user_02742,SP,2024-09-30 20:14:06.572454,247.87
user_02743,SP,2024-09-30 20:14:06.572454,274.42
user_02744,PR,2024-09-30 20:14:06.572454,161.95
user_02745,SC,2024-09-30 20:14:06.572454,116.71
user_02746,BA,2024-10-01 20:14:06.572454,60.08
user_02747,SP,2024-10-01 20:14:06.572454,140.31
user_02748,SC,2024-10-01 20:14:06.572454,357.28
user_02749,PR,2024-10-01 20:14:06.572454,139.45
user_02750,MG,2024-10-01 20:14:06.572454,202.3
user_02751,PR,2024-10-01 20:14:06.572454,355.36
user_02752,MG,2024-10-01 20:14:06.572454,371.13
user_02753,MG,2024-10-01 20:14:06.572454,103.17
user_02754,DF,2024-10-01 20:14:06.572454,543.29
user_02755,MG,2024-10-01 20:14:06.572454,602.98
user_02756,RJ,2024-10-02 20:14:06.572454,99.1
user_02757,GO,2024-10-02 20:14:06.572454,126.59
user_02758,RS,2024-10-02 20:14:06.572454,634.52
user_02759,SP,2024-10-02 20:14:06.572454,217.57
user_02760,SP,2024-10-02 20:14:06.572454,41.44
user_02761,SP,2024-10-03 20:14:06.572454,79.86
user_02762,PR,2024-10-03 20:14:06.572454,200.44
user_02763,RJ,2024-10-03 20:14:06.572454,96.5
user_02764,SP,2024-10-03 20:14:06.572454,175.78
user_02765,PE,2024-10-03 20:14:06.572454,251.12
user_02766,RJ,2024-10-04 20:14:06.572454,788.24
user_02767,SP,2024-10-04 20:14:06.572454,193.96
user_02768,RJ,2024-10-04 20:14:06.572454,577.11
user_02769,PR,2024-10-04 20:14:06.572454,767.4
user_02770,SP,2024-10-04 20:14:06.572454,770.81
user_02771,MG,2024-10-04 20:14:06.572454,307.29
user_02772,SC,2024-10-04 20:14:06.572454,50.87
user_02773,RJ,2024-10-04 20:14:06.572454,353.77
user_02774,RJ,2024-10-04 20:14:06.572454,566.07
user_02775,RJ,2024-10-04 20:14:06.572454,229.33
user_02776,SP,2024-10-04 20:14:06.572454,987.98
user_02777,SP,2024-10-04 20:14:06.572454,486.81
user_02778,RJ,2024-10-05 20:14:06.572454,385.53
user_02779,SP,2024-10-05 20:14:06.572454,583.54
user_02780,SP,2024-10-05 20:14:06.572454,319.48
user_02781,SC,2024-10-05 20:14:06.572454,33.31
user_02782,CE,2024-10-05 20:14:06.572454,164.13
user_02783,SC,2024-10-06 20:14:06.572454,637.61
user_02784,GO,2024-10-06 20:14:06.572454,128.24
user_02785,SP,2024-10-06 20:14:06.572454,204.63
user_02786,PE,2024-10-06 20:14:06.572454,106.07
user_02787,SP,2024-10-06 20:14:06.572454,1152.690740984232
user_02788,PE,2024-10-06 20:14:06.572454,939.36
user_02789,AM,2024-10-07 20:14:06.572454,120.65
user_02790,RS,2024-10-07 20:14:06.572454,275.29
user_02791,CE,2024-10-07 20:14:06.572454,141.97
user_02792,BA,2024-10-07 20:14:06.572454,400.2
user_02793,MG,2024-10-07 20:14:06.572454,367.88
user_02794,RJ,2024-10-07 20:14:06.572454,468.42
user_02795,BA,2024-10-08 20:14:06.572454,319.11
user_02796,SP,2024-10-08 20:14:06.572454,1462.7721629311118
user_02797,PR,2024-10-08 20:14:06.572454,107.52
user_02798,CE,2024-10-08 20:14:06.572454,62.27
user_02799,SP,2024-10-08 20:14:06.572454,178.67
user_02800,SC,2024-10-08 20:14:06.572454,69.8
user_02801,DF,2024-10-08 20:14:06.572454,74.15
user_02802,DF,2024-10-09 20:14:06.572454,109.83
user_02803,PE,2024-10-09 20:14:06.572454,117.01
user_02804,RJ,2024-10-09 20:14:06.572454,114.01
user_02805,CE,2024-10-09 20:14:06.572454,370.4
user_02806,RS,2024-10-09 20:14:06.572454,163.21
user_02807,SP,2024-10-09 20:14:06.572454,211.96
user_02808,RJ,2024-10-09 20:14:06.572454,500.39
user_02809,RS,2024-10-10 20:14:06.572454,132.55
user_02810,SP,2024-10-10 20:14:06.572454,198.02
user_02811,PR,2024-10-10 20:14:06.572454,327.87
user_02812,PR,2024-10-10 20:14:06.572454,51.77
user_02813,SP,2024-10-10 20:14:06.572454,36.31
user_02814,BA,2024-10-10 20:14:06.572454,322.76
user_02815,RS,2024-10-10 20:14:06.572454,362.71
user_02816,RJ,2024-10-11 20:14:06.572454,1187.8529026901354
user_02817,SP,2024-10-11 20:14:06.572454,277.68
user_02818,SP,2024-10-11 20:14:06.572454,471.44
user_02819,MG,2024-10-11 20:14:06.572454,209.27
user_02820,DF,2024-10-12 20:14:06.572454,310.38
user_02821,SP,2024-10-12 20:14:06.572454,928.72
user_02822,PR,2024-10-12 20:14:06.572454,44.74
user_02823,SP,2024-10-12 20:14:06.572454,340.66
user_02824,MG,2024-10-12 20:14:06.572454,1378.9290610360501
user_02825,SC,2024-10-12 20:14:06.572454,306.63
user_02826,RS,2024-10-12 20:14:06.572454,916.4
user_02827,SP,2024-10-12 20:14:06.572454,147.91
user_02828,RJ,2024-10-12 20:14:06.572454,238.5
user_02829,SP,2024-10-13 20:14:06.572454,251.34
user_02830,RJ,2024-10-13 20:14:06.572454,41.51
user_02831,PR,2024-10-13 20:14:06.572454,96.11
user_02832,SP,2024-10-13 20:14:06.572454,101.75
user_02833,MG,2024-10-13 20:14:06.572454,472.32
user_02834,MG,2024-10-13 20:14:06.572454,491.63
user_02835,DF,2024-10-13 20:14:06.572454,317.1
user_02836,AM,2024-10-14 20:14:06.572454,473.09
user_02837,SP,2024-10-14 20:14:06.572454,214.58
user_02838,RS,2024-10-14 20:14:06.572454,640.05
user_02839,MG,2024-10-14 20:14:06.572454,246.42
user_02840,MG,2024-10-14 20:14:06.572454,256.29
user_02841,RS,2024-10-14 20:14:06.572454,197.85
user_02842,DF,2024-10-14 20:14:06.572454,423.08
user_02843,PE,2024-10-15 20:14:06.572454,174.69
user_02844,BA,2024-10-15 20:14:06.572454,534.4
user_02845,MG,2024-10-15 20:14:06.572454,98.92
user_02846,SC,2024-10-15 20:14:06.572454,101.58
user_02847,MG,2024-10-15 20:14:06.572454,424.09
user_02848,BA,2024-10-15 20:14:06.572454,227.96
user_02849,MG,2024-10-15 20:14:06.572454,170.19
user_02850,PR,2024-10-15 20:14:06.572454,498.72
user_02851,SP,2024-10-16 20:14:06.572454,150.53
user_02852,SP,2024-10-16 20:14:06.572454,208.48
user_02853,DF,2024-10-16 20:14:06.572454,749.48
user_02854,SP,2024-10-16 20:14:06.572454,838.25
user_02855,RJ,2024-10-16 20:14:06.572454,860.85
user_02856,SP,2024-10-17 20:14:06.572454,195.25
user_02857,SP,2024-10-17 20:14:06.572454,654.95
user_02858,SP,2024-10-17 20:14:06.572454,114.53
user_02859,SP,2024-10-17 20:14:06.572454,118.45
user_02860,GO,2024-10-17 20:14:06.572454,37.32
user_02861,MG,2024-10-17 20:14:06.572454,932.9
user_02862,PE,2024-10-17 20:14:06.572454,122.59
user_02863,BA,2024-10-17 20:14:06.572454,221.14
user_02864,RJ,2024-10-17 20:14:06.572454,118.12
user_02865,BA,2024-10-18 20:14:06.572454,426.72
user_02866,RJ,2024-10-18 20:14:06.572454,181.18
user_02867,RS,2024-10-18 20:14:06.572454,86.15
user_02868,MG,2024-10-18 20:14:06.572454,348.39
user_02869,MG,2024-10-18 20:14:06.572454,77.71
user_02870,GO,2024-10-18 20:14:06.572454,125.22
user_02871,DF,2024-10-18 20:14:06.572454,45.35
user_02872,GO,2024-10-18 20:14:06.572454,78.32
user_02873,RJ,2024-10-19 20:14:06.572454,282.26
user_02874,SC,2024-10-19 20:14:06.572454,50.82
user_02875,RJ,2024-10-19 20:14:06.572454,74.82
user_02876,RJ,2024-10-19 20:14:06.572454,244.23
user_02877,SP,2024-10-19 20:14:06.572454,158.4
user_02878,BA,2024-10-19 20:14:06.572454,1265.1237631831214
user_02879,SP,2024-10-19 20:14:06.572454,1352.0428343211677
user_02880,MG,2024-10-19 20:14:06.572454,122.2
user_02881,GO,2024-10-19 20:14:06.572454,382.11
user_02882,SP,2024-10-19 20:14:06.572454,445.6
user_02883,SP,2024-10-20 20:14:06.572454,151.72
user_02884,SP,2024-10-20 20:14:06.572454,73.96
user_02885,DF,2024-10-20 20:14:06.572454,242.3
user_02886,RJ,2024-10-20 20:14:06.572454,213.09
user_02887,RJ,2024-10-20 20:14:06.572454,172.67
user_02888,SC,2024-10-20 20:14:06.572454,348.58
user_02889,SC,2024-10-20 20:14:06.572454,134.21
user_02890,MG,2024-10-20 20:14:06.572454,97.36
user_02891,PR,2024-10-20 20:14:06.572454,267.0
user_02892,RS,2024-10-20 20:14:06.572454,333.21
user_02893,PR,2024-10-21 20:14:06.572454,95.46
user_02894,SP,2024-10-21 20:14:06.572454,514.13
user_02895,GO,2024-10-21 20:14:06.572454,59.36
user_02896,RJ,2024-10-22 20:14:06.572454,154.09
user_02897,MG,2024-10-22 20:14:06.572454,199.06
user_02898,RJ,2024-10-22 20:14:06.572454,147.09
user_02899,SP,2024-10-22 20:14:06.572454,155.7
user_02900,SP,2024-10-22 20:14:06.572454,1130.0579915076996
user_02901,RS,2024-10-22 20:14:06.572454,123.88
user_02902,SP,2024-10-22 20:14:06.572454,1470.9524864191644
user_02903,RJ,2024-10-22 20:14:06.572454,347.13
user_02904,RJ,2024-10-23 20:14:06.572454,263.39
user_02905,SP,2024-10-23 20:14:06.572454,358.16
user_02906,CE,2024-10-23 20:14:06.572454,1265.044248457212
user_02907,SP,2024-10-23 20:14:06.572454,110.51
user_02908,MG,2024-10-23 20:14:06.572454,99.85
user_02909,MG,2024-10-23 20:14:06.572454,133.77
user_02910,SP,2024-10-23 20:14:06.572454,251.07
user_02911,SP,2024-10-23 20:14:06.572454,61.52
user_02912,RS,2024-10-23 20:14:06.572454,249.1
user_02913,PE,2024-10-23 20:14:06.572454,948.46
user_02914,SP,2024-10-23 20:14:06.572454,276.2
user_02915,PR,2024-10-23 20:14:06.572454,193.61
user_02916,RS,2024-10-24 20:14:06.572454,149.23
user_02917,SC,2024-10-24 20:14:06.572454,502.11
user_02918,RJ,2024-10-24 20:14:06.572454,126.39
user_02919,MG,2024-10-24 20:14:06.572454,1415.6620356426247
user_02920,MG,2024-10-24 20:14:06.572454,1182.5228467380568
user_02921,RS,2024-10-24 20:14:06.572454,300.49
user_02922,SC,2024-10-24 20:14:06.572454,242.45
user_02923,SP,2024-10-25 20:14:06.572454,558.09
user_02924,MG,2024-10-25 20:14:06.572454,587.48
user_02925,DF,2024-10-25 20:14:06.572454,128.41
user_02926,SC,2024-10-25 20:14:06.572454,160.57
user_02927,CE,2024-10-26 20:14:06.572454,84.96
user_02928,RS,2024-10-26 20:14:06.572454,339.42
user_02929,MG,2024-10-26 20:14:06.572454,417.09
user_02930,BA,2024-10-26 20:14:06.572454,83.1
user_02931,PR,2024-10-26 20:14:06.572454,170.01
user_02932,SP,2024-10-27 20:14:06.572454,83.28
user_02933,RJ,2024-10-27 20:14:06.572454,119.22
user_02934,RS,2024-10-27 20:14:06.572454,380.24
user_02935,SP,2024-10-27 20:14:06.572454,136.08
user_02936,SC,2024-10-27 20:14:06.572454,192.35
user_02937,BA,2024-10-27 20:14:06.572454,66.56
user_02938,PE,2024-10-27 20:14:06.572454,284.18
user_02939,SP,2024-10-27 20:14:06.572454,236.18
user_02940,MG,2024-10-27 20:14:06.572454,136.57
user_02941,PR,2024-10-27 20:14:06.572454,210.35
user_02942,MG,2024-10-27 20:14:06.572454,282.66
user_02943,RS,2024-10-27 20:14:06.572454,127.5
user_02944,RS,2024-10-27 20:14:06.572454,75.11
user_02945,SP,2024-10-28 20:14:06.572454,1050.1056745252622
user_02946,RJ,2024-10-28 20:14:06.572454,147.43
user_02947,RJ,2024-10-28 20:14:06.572454,226.47
user_02948,MG,2024-10-28 20:14:06.572454,549.31
user_02949,DF,2024-10-29 20:14:06.572454,1336.8558238604244
user_02950,SC,2024-10-29 20:14:06.572454,90.42
user_02951,PR,2024-10-29 20:14:06.572454,350.68
user_02952,RS,2024-10-29 20:14:06.572454,138.93
user_02953,RJ,2024-10-30 20:14:06.572454,159.01
user_02954,DF,2024-10-30 20:14:06.572454,137.53
user_02955,PR,2024-10-30 20:14:06.572454,99.43
user_02956,RS,2024-10-30 20:14:06.572454,236.74
user_02957,GO,2024-10-30 20:14:06.572454,75.22
user_02958,MG,2024-10-30 20:14:06.572454,521.88
user_02959,SC,2024-10-31 20:14:06.572454,255.7
user_02960,SP,2024-10-31 20:14:06.572454,343.07
user_02961,MG,2024-10-31 20:14:06.572454,168.52
user_02962,MG,2024-10-31 20:14:06.572454,182.41
user_02963,CE,2024-10-31 20:14:06.572454,307.99
user_02964,GO,2024-11-01 20:14:06.572454,96.42
user_02965,RS,2024-11-01 20:14:06.572454,183.76
user_02966,RS,2024-11-01 20:14:06.572454,123.02
user_02967,BA,2024-11-01 20:14:06.572454,120.01
user_02968,DF,2024-11-01 20:14:06.572454,45.25
user_02969,RJ,2024-11-02 20:14:06.572454,714.41
user_02970,MG,2024-11-02 20:14:06.572454,141.28
user_02971,SP,2024-11-02 20:14:06.572454,620.61
user_02972,SC,2024-11-02 20:14:06.572454,575.38
user_02973,RS,2024-11-02 20:14:06.572454,87.46
user_02974,MG,2024-11-02 20:14:06.572454,102.44
user_02975,SP,2024-11-02 20:14:06.572454,1003.8798241687123
user_02976,SC,2024-11-02 20:14:06.572454,993.01
user_02977,SP,2024-11-02 20:14:06.572454,238.6
user_02978,RS,2024-11-02 20:14:06.572454,300.64
user_02979,CE,2024-11-02 20:14:06.572454,147.72
user_02980,RJ,2024-11-03 20:14:06.572454,345.81
user_02981,SP,2024-11-03 20:14:06.572454,137.86
user_02982,RS,2024-11-03 20:14:06.572454,48.14
user_02983,SC,2024-11-03 20:14:06.572454,85.01
user_02984,RJ,2024-11-03 20:14:06.572454,248.86
user_02985,PE,2024-11-03 20:14:06.572454,99.0
user_02986,SP,2024-11-03 20:14:06.572454,231.87
user_02987,RJ,2024-11-03 20:14:06.572454,103.57
user_02988,RS,2024-11-03 20:14:06.572454,130.86
user_02989,GO,2024-11-03 20:14:06.572454,484.22
user_02990,SP,2024-11-04 20:14:06.572454,298.27
user_02991,SC,2024-11-04 20:14:06.572454,242.81
user_02992,BA,2024-11-04 20:14:06.572454,494.31
user_02993,MG,2024-11-04 20:14:06.572454,359.42
user_02994,SP,2024-11-04 20:14:06.572454,778.41
user_02995,GO,2024-11-04 20:14:06.572454,169.37
user_02996,SP,2024-11-05 20:14:06.572454,173.52
user_02997,MG,2024-11-05 20:14:06.572454,86.41
user_02998,MG,2024-11-05 20:14:06.572454,173.61
user_02999,GO,2024-11-05 20:14:06.572454,529.44
user_03000,PR,2024-11-06 20:14:06.572454,692.28
user_03001,SC,2024-11-06 20:14:06.572454,527.55
user_03002,MG,2024-11-06 20:14:06.572454,58.24
user_03003,PR,2024-11-06 20:14:06.572454,582.03
user_03004,BA,2024-11-07 20:14:06.572454,56.22
user_03005,SC,2024-11-07 20:14:06.572454,501.95
user_03006,DF,2024-11-07 20:14:06.572454,182.32
user_03007,SP,2024-11-07 20:14:06.572454,429.24
user_03008,PR,2024-11-07 20:14:06.572454,84.27
user_03009,SP,2024-11-07 20:14:06.572454,624.49
user_03010,RJ,2024-11-07 20:14:06.572454,75.79
user_03011,MG,2024-11-08 20:14:06.572454,143.34
user_03012,MG,2024-11-08 20:14:06.572454,110.11
user_03013,MG,2024-11-08 20:14:06.572454,60.13
user_03014,PR,2024-11-08 20:14:06.572454,263.91
user_03015,MG,2024-11-08 20:14:06.572454,1237.646488282754
user_03016,RS,2024-11-08 20:14:06.572454,1096.4009513332296
user_03017,RJ,2024-11-09 20:14:06.572454,264.47
user_03018,SP,2024-11-09 20:14:06.572454,597.85
user_03019,SC,2024-11-09 20:14:06.572454,294.62
user_03020,MG,2024-11-09 20:14:06.572454,364.71
user_03021,RJ,2024-11-09 20:14:06.572454,186.1
user_03022,PR,2024-11-09 20:14:06.572454,286.02
user_03023,MG,2024-11-09 20:14:06.572454,376.15
user_03024,SP,2024-11-10 20:14:06.572454,154.04
user_03025,MG,2024-11-10 20:14:06.572454,229.98
user_03026,DF,2024-11-10 20:14:06.572454,233.52
user_03027,PR,2024-11-10 20:14:06.572454,473.96
user_03028,PR,2024-11-10 20:14:06.572454,104.29
user_03029,PR,2024-11-10 20:14:06.572454,234.81
user_03030,SP,2024-11-11 20:14:06.572454,1313.687752217681
user_03031,RJ,2024-11-11 20:14:06.572454,620.95
user_03032,RS,2024-11-11 20:14:06.572454,720.07
user_03033,SP,2024-11-11 20:14:06.572454,249.52
user_03034,MG,2024-11-11 20:14:06.572454,316.33
user_03035,MG,2024-11-11 20:14:06.572454,545.55
user_03036,RJ,2024-11-11 20:14:06.572454,852.53
user_03037,CE,2024-11-11 20:14:06.572454,51.35
user_03038,SP,2024-11-11 20:14:06.572454,85.43
user_03039,RJ,2024-11-11 20:14:06.572454,697.54
user_03040,SP,2024-11-11 20:14:06.572454,196.07
user_03041,CE,2024-11-11 20:14:06.572454,142.97
user_03042,SP,2024-11-12 20:14:06.572454,89.72
user_03043,RJ,2024-11-12 20:14:06.572454,156.96
user_03044,RS,2024-11-12 20:14:06.572454,79.69
user_03045,RS,2024-11-12 20:14:06.572454,1489.709936568926
user_03046,RJ,2024-11-13 20:14:06.572454,240.34
user_03047,MG,2024-11-13 20:14:06.572454,233.61
user_03048,MG,2024-11-13 20:14:06.572454,391.69
user_03049,MG,2024-11-13 20:14:06.572454,528.41
user_03050,SP,2024-11-13 20:14:06.572454,521.5
user_03051,RJ,2024-11-13 20:14:06.572454,577.61
user_03052,MG,2024-11-13 20:14:06.572454,147.72
user_03053,MG,2024-11-13 20:14:06.572454,192.81
user_03054,PR,2024-11-14 20:14:06.572454,452.7
user_03055,PE,2024-11-14 20:14:06.572454,160.47
user_03056,PR,2024-11-14 20:14:06.572454,243.69
user_03057,SP,2024-11-14 20:14:06.572454,336.64
user_03058,SP,2024-11-14 20:14:06.572454,458.59
user_03059,PE,2024-11-14 20:14:06.572454,59.02
user_03060,MG,2024-11-14 20:14:06.572454,433.46
user_03061,SP,2024-11-15 20:14:06.572454,202.96
user_03062,BA,2024-11-15 20:14:06.572454,430.94
user_03063,PR,2024-11-15 20:14:06.572454,455.57
user_03064,PR,2024-11-15 20:14:06.572454,885.66
user_03065,MG,2024-11-15 20:14:06.572454,722.53
user_03066,SP,2024-11-15 20:14:06.572454,718.57
user_03067,PE,2024-11-15 20:14:06.572454,776.61
user_03068,MG,2024-11-15 20:14:06.572454,308.93
user_03069,PR,2024-11-15 20:14:06.572454,251.07
user_03070,RS,2024-11-15 20:14:06.572454,491.89
user_03071,PR,2024-11-15 20:14:06.572454,439.51
user_03072,MG,2024-11-16 20:14:06.572454,191.09
user_03073,MG,2024-11-16 20:14:06.572454,338.27
user_03074,BA,2024-11-16 20:14:06.572454,237.92
user_03075,GO,2024-11-16 20:14:06.572454,123.58
user_03076,DF,2024-11-16 20:14:06.572454,687.02
user_03077,SP,2024-11-16 20:14:06.572454,255.74
user_03078,SP,2024-11-17 20:14:06.572454,1232.201453160323
user_03079,DF,2024-11-17 20:14:06.572454,66.66
user_03080,RS,2024-11-17 20:14:06.572454,156.74
user_03081,GO,2024-11-17 20:14:06.572454,251.17
user_03082,SP,2024-11-17 20:14:06.572454,607.84
user_03083,BA,2024-11-17 20:14:06.572454,336.83
user_03084,RS,2024-11-17 20:14:06.572454,313.68
user_03085,PR,2024-11-17 20:14:06.572454,99.3
user_03086,RJ,2024-11-17 20:14:06.572454,96.97
user_03087,SP,2024-11-18 20:14:06.572454,316.72
user_03088,BA,2024-11-18 20:14:06.572454,82.16
user_03089,MG,2024-11-18 20:14:06.572454,159.89
user_03090,RJ,2024-11-18 20:14:06.572454,365.31
user_03091,PE,2024-11-19 20:14:06.572454,111.51
user_03092,MG,2024-11-19 20:14:06.572454,883.85
user_03093,SC,2024-11-19 20:14:06.572454,651.42
user_03094,SP,2024-11-19 20:14:06.572454,69.61
user_03095,PR,2024-11-19 20:14:06.572454,116.06
user_03096,CE,2024-11-19 20:14:06.572454,39.31
user_03097,SP,2024-11-19 20:14:06.572454,130.83
user_03098,SP,2024-11-19 20:14:06.572454,451.74
user_03099,RJ,2024-11-20 20:14:06.572454,175.72
user_03100,SP,2024-11-20 20:14:06.572454,353.77
user_03101,RS,2024-11-20 20:14:06.572454,72.39
user_03102,DF,2024-11-20 20:14:06.572454,463.3
user_03103,RJ,2024-11-20 20:14:06.572454,156.95
user_03104,MG,2024-11-20 20:14:06.572454,247.09
user_03105,RJ,2024-11-21 20:14:06.572454,227.17
user_03106,RS,2024-11-22 20:14:06.572454,88.48
user_03107,SP,2024-11-22 20:14:06.572454,97.27
user_03108,BA,2024-11-22 20:14:06.572454,530.72
user_03109,PR,2024-11-22 20:14:06.572454,336.7
user_03110,PR,2024-11-22 20:14:06.572454,566.82
user_03111,SP,2024-11-22 20:14:06.572454,317.26
user_03112,RS,2024-11-22 20:14:06.572454,274.35
user_03113,SP,2024-11-22 20:14:06.572454,61.51
user_03114,SP,2024-11-22 20:14:06.572454,197.1
user_03115,GO,2024-11-22 20:14:06.572454,239.39
user_03116,RS,2024-11-23 20:14:06.572454,1408.7491282628334
user_03117,SP,2024-11-23 20:14:06.572454,423.93
user_03118,SP,2024-11-23 20:14:06.572454,836.18
user_03119,SP,2024-11-23 20:14:06.572454,394.66
user_03120,MG,2024-11-23 20:14:06.572454,138.51
user_03121,SP,2024-11-23 20:14:06.572454,268.73
user_03122,SP,2024-11-23 20:14:06.572454,295.59
user_03123,RJ,2024-11-23 20:14:06.572454,115.43
user_03124,RS,2024-11-23 20:14:06.572454,179.92
user_03125,PR,2024-11-23 20:14:06.572454,207.55
user_03126,PR,2024-11-24 20:14:06.572454,884.03
user_03127,SP,2024-11-24 20:14:06.572454,46.31
user_03128,PE,2024-11-24 20:14:06.572454,642.04
user_03129,SC,2024-11-24 20:14:06.572454,115.65
user_03130,SC,2024-11-24 20:14:06.572454,81.64
user_03131,SC,2024-11-24 20:14:06.572454,628.89
user_03132,DF,2024-11-24 20:14:06.572454,439.45
user_03133,RJ,2024-11-24 20:14:06.572454,667.55
user_03134,SP,2024-11-25 20:14:06.572454,464.31
user_03135,PR,2024-11-25 20:14:06.572454,1253.8920934755606
user_03136,RS,2024-11-25 20:14:06.572454,382.6
user_03137,RS,2024-11-25 20:14:06.572454,215.9
user_03138,RJ,2024-11-25 20:14:06.572454,321.93
user_03139,SP,2024-11-25 20:14:06.572454,661.68
user_03140,MG,2024-11-25 20:14:06.572454,131.17
user_03141,DF,2024-11-25 20:14:06.572454,145.25
user_03142,BA,2024-11-25 20:14:06.572454,191.11
user_03143,RJ,2024-11-26 20:14:06.572454,45.44
user_03144,MG,2024-11-26 20:14:06.572454,273.27
user_03145,MG,2024-11-26 20:14:06.572454,54.11
user_03146,GO,2024-11-27 20:14:06.572454,255.3
user_03147,PR,2024-11-27 20:14:06.572454,488.94
user_03148,SC,2024-11-27 20:14:06.572454,167.08
user_03149,RJ,2024-11-27 20:14:06.572454,936.07
user_03150,PR,2024-11-27 20:14:06.572454,76.07
user_03151,SP,2024-11-27 20:14:06.572454,634.61
user_03152,RS,2024-11-27 20:14:06.572454,419.94
user_03153,RJ,2024-11-27 20:14:06.572454,62.0
user_03154,RJ,2024-11-27 20:14:06.572454,1247.920015552012
user_03155,PR,2024-11-27 20:14:06.572454,232.53
user_03156,DF,2024-11-27 20:14:06.572454,121.27
user_03157,SP,2024-11-28 20:14:06.572454,79.39
user_03158,SC,2024-11-28 20:14:06.572454,205.2
user_03159,MG,2024-11-28 20:14:06.572454,220.98
user_03160,RJ,2024-11-28 20:14:06.572454,265.63
user_03161,SP,2024-11-28 20:14:06.572454,192.82
user_03162,MG,2024-11-28 20:14:06.572454,406.09
user_03163,RJ,2024-11-28 20:14:06.572454,179.45
user_03164,SP,2024-11-28 20:14:06.572454,52.04
user_03165,RJ,2024-11-29 20:14:06.572454,217.13
user_03166,DF,2024-11-29 20:14:06.572454,36.82
user_03167,SP,2024-11-29 20:14:06.572454,324.74
user_03168,RS,2024-11-29 20:14:06.572454,111.78
user_03169,RJ,2024-11-29 20:14:06.572454,278.85
user_03170,PR,2024-11-29 20:14:06.572454,700.13
user_03171,MG,2024-11-30 20:14:06.572454,114.55
user_03172,SP,2024-11-30 20:14:06.572454,571.92
user_03173,SP,2024-11-30 20:14:06.572454,173.0
user_03174,SP,2024-11-30 20:14:06.572454,994.81
user_03175,SP,2024-11-30 20:14:06.572454,182.71
user_03176,PR,2024-11-30 20:14:06.572454,124.91
user_03177,GO,2024-11-30 20:14:06.572454,424.02
user_03178,SC,2024-11-30 20:14:06.572454,172.67
user_03179,PR,2024-11-30 20:14:06.572454,124.82
user_03180,SP,2024-11-30 20:14:06.572454,166.96
user_03181,MG,2024-11-30 20:14:06.572454,236.11
user_03182,MG,2024-12-01 20:14:06.572454,716.05
user_03183,SP,2024-12-01 20:14:06.572454,52.08
user_03184,RJ,2024-12-01 20:14:06.572454,249.25
user_03185,RJ,2024-12-01 20:14:06.572454,403.4
user_03186,MG,2024-12-01 20:14:06.572454,285.65
user_03187,MG,2024-12-01 20:14:06.572454,697.77
user_03188,SC,2024-12-01 20:14:06.572454,230.56
user_03189,SC,2024-12-01 20:14:06.572454,211.11
user_03190,MG,2024-12-01 20:14:06.572454,393.02
user_03191,DF,2024-12-02 20:14:06.572454,264.93
user_03192,PE,2024-12-02 20:14:06.572454,179.05
user_03193,MG,2024-12-02 20:14:06.572454,369.78
user_03194,MG,2024-12-02 20:14:06.572454,145.18
user_03195,RJ,2024-12-02 20:14:06.572454,150.06
user_03196,DF,2024-12-02 20:14:06.572454,160.39
user_03197,GO,2024-12-02 20:14:06.572454,722.31
user_03198,SP,2024-12-03 20:14:06.572454,18.6
user_03199,MG,2024-12-03 20:14:06.572454,335.79
user_03200,BA,2024-12-03 20:14:06.572454,251.49
user_03201,RJ,2024-12-03 20:14:06.572454,63.77
user_03202,SP,2024-12-03 20:14:06.572454,313.49
user_03203,GO,2024-12-03 20:14:06.572454,358.02
user_03204,PR,2024-12-03 20:14:06.572454,392.18
user_03205,SC,2024-12-03 20:14:06.572454,29.33
user_03206,GO,2024-12-04 20:14:06.572454,730.05
user_03207,RS,2024-12-04 20:14:06.572454,135.61
user_03208,RJ,2024-12-04 20:14:06.572454,423.8
user_03209,PR,2024-12-04 20:14:06.572454,442.69
user_03210,SP,2024-12-05 20:14:06.572454,121.35
user_03211,PR,2024-12-05 20:14:06.572454,415.04
user_03212,SP,2024-12-05 20:14:06.572454,179.76
user_03213,PR,2024-12-05 20:14:06.572454,46.66
user_03214,SP,2024-12-05 20:14:06.572454,622.78
user_03215,SP,2024-12-05 20:14:06.572454,131.63
user_03216,SP,2024-12-05 20:14:06.572454,123.52
user_03217,SP,2024-12-06 20:14:06.572454,177.25
user_03218,RS,2024-12-06 20:14:06.572454,304.23
user_03219,RS,2024-12-06 20:14:06.572454,233.73
user_03220,RJ,2024-12-06 20:14:06.572454,379.35
user_03221,SP,2024-12-06 20:14:06.572454,83.8
user_03222,SP,2024-12-06 20:14:06.572454,135.11
user_03223,SP,2024-12-06 20:14:06.572454,223.01
user_03224,SP,2024-12-07 20:14:06.572454,1465.211746589389
user_03225,GO,2024-12-07 20:14:06.572454,223.4
user_03226,SP,2024-12-07 20:14:06.572454,582.99
user_03227,MG,2024-12-07 20:14:06.572454,252.36
user_03228,SP,2024-12-07 20:14:06.572454,166.18
user_03229,SP,2024-12-08 20:14:06.572454,200.86
user_03230,RJ,2024-12-08 20:14:06.572454,213.85
user_03231,PR,2024-12-08 20:14:06.572454,396.6
user_03232,SP,2024-12-08 20:14:06.572454,734.87
user_03233,SP,2024-12-08 20:14:06.572454,326.28
user_03234,MG,2024-12-08 20:14:06.572454,632.49
user_03235,SP,2024-12-08 20:14:06.572454,113.09
user_03236,SP,2024-12-08 20:14:06.572454,175.62
user_03237,PE,2024-12-08 20:14:06.572454,137.08
user_03238,PR,2024-12-08 20:14:06.572454,314.68
user_03239,BA,2024-12-09 20:14:06.572454,183.61
user_03240,RJ,2024-12-09 20:14:06.572454,438.7
user_03241,RJ,2024-12-09 20:14:06.572454,116.19
user_03242,RJ,2024-12-09 20:14:06.572454,253.26
user_03243,PR,2024-12-09 20:14:06.572454,423.9
user_03244,RS,2024-12-09 20:14:06.572454,46.89
user_03245,SP,2024-12-09 20:14:06.572454,1444.9829343733409
user_03246,RJ,2024-12-10 20:14:06.572454,195.09
user_03247,RJ,2024-12-10 20:14:06.572454,48.42
user_03248,GO,2024-12-10 20:14:06.572454,277.68
user_03249,PR,2024-12-10 20:14:06.572454,251.33
user_03250,RJ,2024-12-10 20:14:06.572454,229.17
user_03251,SP,2024-12-10 20:14:06.572454,540.75
user_03252,PR,2024-12-10 20:14:06.572454,444.95
user_03253,SP,2024-12-11 20:14:06.572454,310.54
user_03254,MG,2024-12-11 20:14:06.572454,350.77
user_03255,SP,2024-12-11 20:14:06.572454,225.09
user_03256,PR,2024-12-11 20:14:06.572454,1392.9002325939873
user_03257,SP,2024-12-12 20:14:06.572454,74.94
user_03258,MG,2024-12-12 20:14:06.572454,273.61
user_03259,GO,2024-12-12 20:14:06.572454,257.76
user_03260,SP,2024-12-12 20:14:06.572454,469.01
user_03261,RJ,2024-12-13 20:14:06.572454,124.58
user_03262,RJ,2024-12-13 20:14:06.572454,60.65
user_03263,SP,2024-12-13 20:14:06.572454,277.4
user_03264,SC,2024-12-13 20:14:06.572454,306.43
user_03265,SP,2024-12-13 20:14:06.572454,805.67
user_03266,RJ,2024-12-13 20:14:06.572454,88.56
user_03267,BA,2024-12-14 20:14:06.572454,616.31
user_03268,PR,2024-12-14 20:14:06.572454,1148.127876658392
user_03269,PR,2024-12-14 20:14:06.572454,180.87
user_03270,MG,2024-12-14 20:14:06.572454,87.12
user_03271,SP,2024-12-14 20:14:06.572454,176.69
user_03272,RS,2024-12-14 20:14:06.572454,247.45
user_03273,RJ,2024-12-14 20:14:06.572454,384.15
user_03274,SC,2024-12-14 20:14:06.572454,152.46
user_03275,SC,2024-12-15 20:14:06.572454,849.08
user_03276,SC,2024-12-15 20:14:06.572454,100.32
user_03277,RJ,2024-12-15 20:14:06.572454,60.86
user_03278,MG,2024-12-15 20:14:06.572454,593.1
user_03279,SC,2024-12-15 20:14:06.572454,39.66
user_03280,RJ,2024-12-15 20:14:06.572454,207.82
user_03281,SP,2024-12-16 20:14:06.572454,1272.5042078619704
user_03282,GO,2024-12-16 20:14:06.572454,242.35
user_03283,GO,2024-12-16 20:14:06.572454,99.82
user_03284,RJ,2024-12-16 20:14:06.572454,233.71
user_03285,SP,2024-12-16 20:14:06.572454,234.95
user_03286,MG,2024-12-16 20:14:06.572454,278.25
user_03287,SC,2024-12-16 20:14:06.572454,415.64
user_03288,DF,2024-12-17 20:14:06.572454,106.56
user_03289,SP,2024-12-17 20:14:06.572454,943.92
user_03290,SP,2024-12-17 20:14:06.572454,297.7
user_03291,GO,2024-12-17 20:14:06.572454,437.66
user_03292,MG,2024-12-17 20:14:06.572454,148.04
user_03293,RJ,2024-12-17 20:14:06.572454,684.79
user_03294,PE,2024-12-17 20:14:06.572454,199.21
user_03295,SP,2024-12-17 20:14:06.572454,305.53
user_03296,PR,2024-12-17 20:14:06.572454,115.99
user_03297,SP,2024-12-17 20:14:06.572454,110.22
user_03298,MG,2024-12-18 20:14:06.572454,424.35
user_03299,SC,2024-12-18 20:14:06.572454,171.59
user_03300,RJ,2024-12-18 20:14:06.572454,123.59
user_03301,AM,2024-12-18 20:14:06.572454,146.27
user_03302,BA,2024-12-18 20:14:06.572454,428.02
user_03303,MG,2024-12-18 20:14:06.572454,147.93
user_03304,SP,2024-12-19 20:14:06.572454,222.71
user_03305,MG,2024-12-19 20:14:06.572454,247.65
user_03306,MG,2024-12-19 20:14:06.572454,52.78
user_03307,SP,2024-12-19 20:14:06.572454,75.42
user_03308,MG,2024-12-19 20:14:06.572454,320.22
user_03309,RJ,2024-12-19 20:14:06.572454,135.69
user_03310,RS,2024-12-19 20:14:06.572454,569.85
user_03311,PR,2024-12-20 20:14:06.572454,530.3
user_03312,RS,2024-12-20 20:14:06.572454,435.0
user_03313,SP,2024-12-20 20:14:06.572454,1111.9486166528425
user_03314,SP,2024-12-20 20:14:06.572454,228.96
user_03315,PR,2024-12-20 20:14:06.572454,411.21
user_03316,RJ,2024-12-20 20:14:06.572454,153.31
user_03317,SP,2024-12-20 20:14:06.572454,1221.9583490232699
user_03318,SC,2024-12-20 20:14:06.572454,1242.1065328798952
user_03319,RS,2024-12-21 20:14:06.572454,247.03
user_03320,RJ,2024-12-21 20:14:06.572454,333.38
user_03321,SP,2024-12-21 20:14:06.572454,725.92
user_03322,RS,2024-12-21 20:14:06.572454,217.52
user_03323,BA,2024-12-21 20:14:06.572454,144.71
user_03324,SC,2024-12-21 20:14:06.572454,492.35
user_03325,RS,2024-12-22 20:14:06.572454,260.54
user_03326,SC,2024-12-22 20:14:06.572454,283.27
user_03327,RJ,2024-12-22 20:14:06.572454,125.53
user_03328,SP,2024-12-22 20:14:06.572454,61.92
user_03329,PR,2024-12-22 20:14:06.572454,295.57
user_03330,PR,2024-12-22 20:14:06.572454,504.7
user_03331,RS,2024-12-23 20:14:06.572454,204.25
user_03332,SP,2024-12-23 20:14:06.572454,772.12
user_03333,SP,2024-12-23 20:14:06.572454,139.33
user_03334,GO,2024-12-23 20:14:06.572454,105.24
user_03335,RS,2024-12-23 20:14:06.572454,231.88
user_03336,DF,2024-12-23 20:14:06.572454,229.05
user_03337,RS,2024-12-23 20:14:06.572454,453.04
user_03338,BA,2024-12-23 20:14:06.572454,131.63
user_03339,PR,2024-12-23 20:14:06.572454,731.05
user_03340,GO,2024-12-23 20:14:06.572454,1415.8200200846654
user_03341,BA,2024-12-23 20:14:06.572454,237.15
user_03342,PR,2024-12-24 20:14:06.572454,664.99
user_03343,SP,2024-12-24 20:14:06.572454,105.09
user_03344,RJ,2024-12-24 20:14:06.572454,578.35
user_03345,RS,2024-12-24 20:14:06.572454,565.56
user_03346,MG,2024-12-25 20:14:06.572454,488.21
user_03347,SP,2024-12-25 20:14:06.572454,241.66
user_03348,MG,2024-12-25 20:14:06.572454,23.03
user_03349,SP,2024-12-26 20:14:06.572454,146.44
user_03350,SP,2024-12-26 20:14:06.572454,148.3
user_03351,RJ,2024-12-26 20:14:06.572454,111.88
user_03352,DF,2024-12-26 20:14:06.572454,269.83
user_03353,RJ,2024-12-27 20:14:06.572454,175.01
user_03354,SP,2024-12-27 20:14:06.572454,126.51
user_03355,SP,2024-12-27 20:14:06.572454,104.9
user_03356,PR,2024-12-27 20:14:06.572454,138.05
user_03357,MG,2024-12-27 20:14:06.572454,600.16
user_03358,SC,2024-12-27 20:14:06.572454,144.2
user_03359,PR,2024-12-27 20:14:06.572454,162.07
user_03360,SC,2024-12-27 20:14:06.572454,169.8
user_03361,MG,2024-12-27 20:14:06.572454,320.92
user_03362,PR,2024-12-28 20:14:06.572454,352.48
user_03363,MG,2024-12-28 20:14:06.572454,21.42
user_03364,DF,2024-12-28 20:14:06.572454,554.08
user_03365,PR,2024-12-28 20:14:06.572454,772.08
user_03366,MG,2024-12-28 20:14:06.572454,105.62
user_03367,MG,2024-12-28 20:14:06.572454,112.41
user_03368,SP,2024-12-29 20:14:06.572454,170.68
user_03369,PR,2024-12-29 20:14:06.572454,133.65
user_03370,SP,2024-12-29 20:14:06.572454,292.7
user_03371,BA,2024-12-29 20:14:06.572454,51.56
user_03372,MG,2024-12-29 20:14:06.572454,100.05
user_03373,PR,2024-12-29 20:14:06.572454,838.28
user_03374,SC,2024-12-30 20:14:06.572454,116.45
user_03375,RS,2024-12-30 20:14:06.572454,661.65
user_03376,RS,2024-12-30 20:14:06.572454,325.14
user_03377,SP,2024-12-30 20:14:06.572454,57.55
user_03378,SP,2024-12-30 20:14:06.572454,406.78
user_03379,PR,2024-12-30 20:14:06.572454,222.71
user_03380,MG,2024-12-30 20:14:06.572454,169.97
user_03381,RJ,2024-12-31 20:14:06.572454,297.66
user_03382,SP,2024-12-31 20:14:06.572454,357.7
user_03383,MG,2024-12-31 20:14:06.572454,430.99
user_03384,SP,2024-12-31 20:14:06.572454,628.04
user_03385,GO,2025-01-01 20:14:06.572454,339.17
user_03386,SP,2025-01-01 20:14:06.572454,81.41
user_03387,BA,2025-01-01 20:14:06.572454,167.52
user_03388,SP,2025-01-01 20:14:06.572454,1448.0141826624965
user_03389,PR,2025-01-01 20:14:06.572454,436.85
user_03390,MG,2025-01-01 20:14:06.572454,1207.310031198239
user_03391,GO,2025-01-01 20:14:06.572454,747.21
user_03392,GO,2025-01-02 20:14:06.572454,296.91
user_03393,MG,2025-01-02 20:14:06.572454,311.41
user_03394,DF,2025-01-02 20:14:06.572454,237.64
user_03395,AM,2025-01-02 20:14:06.572454,60.93
user_03396,SC,2025-01-02 20:14:06.572454,248.25
user_03397,SC,2025-01-02 20:14:06.572454,644.54
user_03398,SP,2025-01-02 20:14:06.572454,151.45
user_03399,BA,2025-01-02 20:14:06.572454,340.21
user_03400,SP,2025-01-02 20:14:06.572454,483.61
user_03401,SP,2025-01-02 20:14:06.572454,118.19
user_03402,AM,2025-01-03 20:14:06.572454,170.54
user_03403,MG,2025-01-03 20:14:06.572454,108.38
user_03404,RS,2025-01-03 20:14:06.572454,126.76
user_03405,SC,2025-01-03 20:14:06.572454,87.35
user_03406,GO,2025-01-03 20:14:06.572454,119.06
user_03407,AM,2025-01-03 20:14:06.572454,761.71
user_03408,SP,2025-01-03 20:14:06.572454,117.64
user_03409,SP,2025-01-03 20:14:06.572454,270.74
user_03410,RJ,2025-01-03 20:14:06.572454,163.65
user_03411,SP,2025-01-04 20:14:06.572454,628.35
user_03412,SP,2025-01-04 20:14:06.572454,698.5
user_03413,MG,2025-01-04 20:14:06.572454,488.46
user_03414,SC,2025-01-04 20:14:06.572454,312.59
user_03415,BA,2025-01-04 20:14:06.572454,203.4
user_03416,MG,2025-01-04 20:14:06.572454,94.3
user_03417,PR,2025-01-04 20:14:06.572454,1008.8522225366186
user_03418,SP,2025-01-04 20:14:06.572454,133.25
user_03419,SP,2025-01-04 20:14:06.572454,416.1
user_03420,RS,2025-01-05 20:14:06.572454,571.15
user_03421,PR,2025-01-05 20:14:06.572454,156.93
user_03422,RS,2025-01-05 20:14:06.572454,561.39
user_03423,SP,2025-01-05 20:14:06.572454,450.96
user_03424,SC,2025-01-05 20:14:06.572454,974.94
user_03425,PR,2025-01-06 20:14:06.572454,168.09
user_03426,BA,2025-01-06 20:14:06.572454,87.47
user_03427,PR,2025-01-06 20:14:06.572454,163.3
user_03428,GO,2025-01-06 20:14:06.572454,289.19
user_03429,BA,2025-01-07 20:14:06.572454,256.36
user_03430,BA,2025-01-07 20:14:06.572454,178.62
user_03431,AM,2025-01-07 20:14:06.572454,53.12
user_03432,RS,2025-01-07 20:14:06.572454,356.52
user_03433,RJ,2025-01-07 20:14:06.572454,1430.8869198946772
user_03434,RS,2025-01-07 20:14:06.572454,354.75
user_03435,MG,2025-01-07 20:14:06.572454,398.34
user_03436,SP,2025-01-08 20:14:06.572454,386.82
user_03437,BA,2025-01-08 20:14:06.572454,336.18
user_03438,DF,2025-01-08 20:14:06.572454,515.6
user_03439,DF,2025-01-08 20:14:06.572454,335.73
user_03440,MG,2025-01-08 20:14:06.572454,190.54
user_03441,RJ,2025-01-08 20:14:06.572454,129.44
user_03442,SP,2025-01-09 20:14:06.572454,200.5
user_03443,AM,2025-01-09 20:14:06.572454,314.6
user_03444,CE,2025-01-09 20:14:06.572454,190.02
user_03445,PR,2025-01-09 20:14:06.572454,314.65
user_03446,SC,2025-01-09 20:14:06.572454,347.69
user_03447,RS,2025-01-09 20:14:06.572454,476.54
user_03448,BA,2025-01-10 20:14:06.572454,682.82
user_03449,SP,2025-01-10 20:14:06.572454,260.45
user_03450,RJ,2025-01-10 20:14:06.572454,85.95
user_03451,PR,2025-01-10 20:14:06.572454,185.66
user_03452,PR,2025-01-10 20:14:06.572454,253.47
user_03453,MG,2025-01-10 20:14:06.572454,56.34
user_03454,DF,2025-01-10 20:14:06.572454,743.18
user_03455,SP,2025-01-11 20:14:06.572454,274.21
user_03456,RJ,2025-01-11 20:14:06.572454,331.98
user_03457,PR,2025-01-11 20:14:06.572454,729.55
user_03458,PR,2025-01-11 20:14:06.572454,147.8
user_03459,PR,2025-01-11 20:14:06.572454,387.31
user_03460,MG,2025-01-11 20:14:06.572454,224.1
user_03461,SP,2025-01-11 20:14:06.572454,211.18
user_03462,PR,2025-01-11 20:14:06.572454,131.93
user_03463,BA,2025-01-12 20:14:06.572454,927.49
user_03464,SP,2025-01-12 20:14:06.572454,181.2
user_03465,RS,2025-01-12 20:14:06.572454,428.19
user_03466,RJ,2025-01-12 20:14:06.572454,54.6
user_03467,PR,2025-01-12 20:14:06.572454,628.91
user_03468,SC,2025-01-13 20:14:06.572454,567.8
user_03469,SP,2025-01-13 20:14:06.572454,264.53
user_03470,SP,2025-01-13 20:14:06.572454,204.07
user_03471,RS,2025-01-13 20:14:06.572454,336.97
user_03472,PR,2025-01-13 20:14:06.572454,1087.1393392506805
user_03473,PR,2025-01-13 20:14:06.572454,59.7
user_03474,SC,2025-01-13 20:14:06.572454,457.43
user_03475,SC,2025-01-13 20:14:06.572454,118.0
user_03476,PE,2025-01-14 20:14:06.572454,240.82
user_03477,RJ,2025-01-14 20:14:06.572454,200.68
user_03478,RJ,2025-01-14 20:14:06.572454,173.7
user_03479,RJ,2025-01-14 20:14:06.572454,242.65
user_03480,SP,2025-01-14 20:14:06.572454,98.76
user_03481,BA,2025-01-14 20:14:06.572454,557.43
user_03482,MG,2025-01-14 20:14:06.572454,58.25
user_03483,DF,2025-01-15 20:14:06.572454,376.84
user_03484,BA,2025-01-15 20:14:06.572454,188.44
user_03485,BA,2025-01-15 20:14:06.572454,95.9
user_03486,MG,2025-01-15 20:14:06.572454,287.7
user_03487,SP,2025-01-16 20:14:06.572454,70.42
user_03488,SP,2025-01-16 20:14:06.572454,252.59
user_03489,RJ,2025-01-16 20:14:06.572454,78.39
user_03490,SP,2025-01-16 20:14:06.572454,353.9
user_03491,PR,2025-01-16 20:14:06.572454,116.81
user_03492,GO,2025-01-16 20:14:06.572454,170.58
user_03493,GO,2025-01-16 20:14:06.572454,309.56
user_03494,PR,2025-01-16 20:14:06.572454,131.89
user_03495,SP,2025-01-16 20:14:06.572454,233.6
user_03496,GO,2025-01-16 20:14:06.572454,72.89
user_03497,GO,2025-01-16 20:14:06.572454,405.33
user_03498,SP,2025-01-17 20:14:06.572454,1310.9409819451967
user_03499,RS,2025-01-17 20:14:06.572454,1012.4854502170656
user_03500,MG,2025-01-17 20:14:06.572454,263.21
user_03501,SC,2025-01-18 20:14:06.572454,459.7
user_03502,AM,2025-01-18 20:14:06.572454,58.88
user_03503,SP,2025-01-18 20:14:06.572454,814.18
user_03504,GO,2025-01-18 20:14:06.572454,455.31
user_03505,PR,2025-01-18 20:14:06.572454,166.14
user_03506,CE,2025-01-19 20:14:06.572454,658.36
user_03507,RJ,2025-01-19 20:14:06.572454,199.62
user_03508,SC,2025-01-19 20:14:06.572454,169.62
user_03509,SP,2025-01-19 20:14:06.572454,357.91
user_03510,MG,2025-01-19 20:14:06.572454,104.51
user_03511,SP,2025-01-19 20:14:06.572454,554.07
user_03512,CE,2025-01-19 20:14:06.572454,105.13
user_03513,SC,2025-01-19 20:14:06.572454,105.63
user_03514,GO,2025-01-19 20:14:06.572454,118.18
user_03515,DF,2025-01-20 20:14:06.572454,449.26
user_03516,SP,2025-01-20 20:14:06.572454,149.39
user_03517,MG,2025-01-20 20:14:06.572454,83.23
user_03518,SP,2025-01-20 20:14:06.572454,150.72
user_03519,SP,2025-01-20 20:14:06.572454,238.5
user_03520,SP,2025-01-21 20:14:06.572454,95.13
user_03521,RJ,2025-01-21 20:14:06.572454,97.38
user_03522,MG,2025-01-21 20:14:06.572454,1199.7532376302822
user_03523,SP,2025-01-21 20:14:06.572454,122.92
user_03524,SP,2025-01-21 20:14:06.572454,188.97
user_03525,SP,2025-01-21 20:14:06.572454,182.4
user_03526,CE,2025-01-21 20:14:06.572454,174.67
user_03527,RS,2025-01-21 20:14:06.572454,402.25
user_03528,PE,2025-01-21 20:14:06.572454,522.44
user_03529,RJ,2025-01-21 20:14:06.572454,191.57
user_03530,MG,2025-01-21 20:14:06.572454,91.0
user_03531,SC,2025-01-21 20:14:06.572454,678.27
user_03532,MG,2025-01-22 20:14:06.572454,226.72
user_03533,MG,2025-01-22 20:14:06.572454,976.78
user_03534,SP,2025-01-22 20:14:06.572454,40.59
user_03535,SP,2025-01-22 20:14:06.572454,286.09
user_03536,MG,2025-01-23 20:14:06.572454,1492.980151057675
user_03537,MG,2025-01-23 20:14:06.572454,184.45
user_03538,PR,2025-01-23 20:14:06.572454,204.3
user_03539,SP,2025-01-23 20:14:06.572454,309.95
user_03540,SP,2025-01-23 20:14:06.572454,156.49
user_03541,SC,2025-01-23 20:14:06.572454,190.63
user_03542,SP,2025-01-23 20:14:06.572454,186.75
user_03543,MG,2025-01-24 20:14:06.572454,148.13
user_03544,GO,2025-01-24 20:14:06.572454,653.99
user_03545,SP,2025-01-24 20:14:06.572454,353.85
user_03546,SP,2025-01-24 20:14:06.572454,299.02
user_03547,RJ,2025-01-25 20:14:06.572454,467.25
user_03548,MG,2025-01-25 20:14:06.572454,198.05
user_03549,BA,2025-01-25 20:14:06.572454,131.71
user_03550,SC,2025-01-25 20:14:06.572454,151.09
user_03551,SP,2025-01-25 20:14:06.572454,245.04
user_03552,BA,2025-01-25 20:14:06.572454,104.86
user_03553,RJ,2025-01-25 20:14:06.572454,163.99
user_03554,SP,2025-01-25 20:14:06.572454,161.92
user_03555,PR,2025-01-25 20:14:06.572454,1050.3468005519017
user_03556,MG,2025-01-26 20:14:06.572454,26.6
user_03557,RJ,2025-01-26 20:14:06.572454,211.94
user_03558,SP,2025-01-27 20:14:06.572454,973.17
user_03559,RJ,2025-01-27 20:14:06.572454,269.74
user_03560,MG,2025-01-27 20:14:06.572454,447.08
user_03561,SC,2025-01-27 20:14:06.572454,265.03
user_03562,SP,2025-01-27 20:14:06.572454,143.47
user_03563,RJ,2025-01-27 20:14:06.572454,40.71
user_03564,RJ,2025-01-27 20:14:06.572454,288.4
user_03565,RS,2025-01-28 20:14:06.572454,131.57
user_03566,BA,2025-01-28 20:14:06.572454,128.99
user_03567,PR,2025-01-28 20:14:06.572454,164.15
user_03568,RS,2025-01-29 20:14:06.572454,988.2
user_03569,GO,2025-01-29 20:14:06.572454,1211.8465759998212
user_03570,MG,2025-01-29 20:14:06.572454,291.13
user_03571,RJ,2025-01-29 20:14:06.572454,168.71
user_03572,SC,2025-01-29 20:14:06.572454,95.41
user_03573,CE,2025-01-29 20:14:06.572454,355.96
user_03574,GO,2025-01-29 20:14:06.572454,1153.574975094976
user_03575,MG,2025-01-29 20:14:06.572454,200.76
user_03576,SP,2025-01-29 20:14:06.572454,36.48
user_03577,RJ,2025-01-30 20:14:06.572454,418.23
user_03578,RS,2025-01-30 20:14:06.572454,538.25
user_03579,RJ,2025-01-30 20:14:06.572454,68.81
user_03580,RJ,2025-01-30 20:14:06.572454,281.8
user_03581,SC,2025-01-31 20:14:06.572454,351.07
user_03582,MG,2025-01-31 20:14:06.572454,230.79
user_03583,GO,2025-01-31 20:14:06.572454,129.98
user_03584,RJ,2025-01-31 20:14:06.572454,551.56
user_03585,MG,2025-01-31 20:14:06.572454,177.2
user_03586,RJ,2025-01-31 20:14:06.572454,74.58
user_03587,RS,2025-02-01 20:14:06.572454,47.49
user_03588,SP,2025-02-01 20:14:06.572454,670.94
user_03589,SP,2025-02-01 20:14:06.572454,400.75
user_03590,PE,2025-02-01 20:14:06.572454,262.53
user_03591,SP,2025-02-01 20:14:06.572454,172.05
user_03592,BA,2025-02-02 20:14:06.572454,160.26
user_03593,BA,2025-02-02 20:14:06.572454,103.48
user_03594,RJ,2025-02-02 20:14:06.572454,173.27
user_03595,PR,2025-02-02 20:14:06.572454,44.88
user_03596,SP,2025-02-02 20:14:06.572454,135.8
user_03597,BA,2025-02-02 20:14:06.572454,190.8
user_03598,MG,2025-02-02 20:14:06.572454,398.58
user_03599,PR,2025-02-02 20:14:06.572454,237.0
user_03600,SP,2025-02-03 20:14:06.572454,462.17
user_03601,BA,2025-02-03 20:14:06.572454,720.04
user_03602,SP,2025-02-03 20:14:06.572454,570.51
user_03603,MG,2025-02-03 20:14:06.572454,356.53
user_03604,SP,2025-02-03 20:14:06.572454,247.03
user_03605,SP,2025-02-03 20:14:06.572454,111.65
user_03606,SC,2025-02-04 20:14:06.572454,442.29
user_03607,MG,2025-02-04 20:14:06.572454,938.04
user_03608,DF,2025-02-04 20:14:06.572454,321.72
user_03609,PE,2025-02-04 20:14:06.572454,1452.544061694132
user_03610,BA,2025-02-04 20:14:06.572454,72.21
user_03611,SP,2025-02-04 20:14:06.572454,97.19
user_03612,MG,2025-02-05 20:14:06.572454,485.01
user_03613,SC,2025-02-06 20:14:06.572454,302.3
user_03614,MG,2025-02-06 20:14:06.572454,699.96
user_03615,SP,2025-02-06 20:14:06.572454,241.68
user_03616,BA,2025-02-06 20:14:06.572454,122.2
user_03617,SC,2025-02-06 20:14:06.572454,206.26
user_03618,SC,2025-02-06 20:14:06.572454,71.8
user_03619,SP,2025-02-06 20:14:06.572454,99.2
user_03620,PR,2025-02-06 20:14:06.572454,532.7
user_03621,SP,2025-02-07 20:14:06.572454,491.88
user_03622,SP,2025-02-07 20:14:06.572454,327.14
user_03623,GO,2025-02-07 20:14:06.572454,61.75
user_03624,SP,2025-02-07 20:14:06.572454,183.7
user_03625,MG,2025-02-07 20:14:06.572454,91.84
user_03626,SP,2025-02-07 20:14:06.572454,627.18
user_03627,GO,2025-02-07 20:14:06.572454,153.4
user_03628,SC,2025-02-07 20:14:06.572454,102.66
user_03629,PR,2025-02-07 20:14:06.572454,250.59
user_03630,RS,2025-02-07 20:14:06.572454,146.62
user_03631,SP,2025-02-08 20:14:06.572454,801.91
user_03632,RJ,2025-02-08 20:14:06.572454,135.93
user_03633,MG,2025-02-08 20:14:06.572454,79.89
user_03634,SP,2025-02-09 20:14:06.572454,43.71
user_03635,RJ,2025-02-09 20:14:06.572454,238.74
user_03636,DF,2025-02-09 20:14:06.572454,156.09
user_03637,SP,2025-02-09 20:14:06.572454,78.01
user_03638,MG,2025-02-09 20:14:06.572454,633.58
user_03639,SP,2025-02-09 20:14:06.572454,417.3
user_03640,SP,2025-02-09 20:14:06.572454,239.23
user_03641,DF,2025-02-09 20:14:06.572454,728.84
user_03642,RJ,2025-02-10 20:14:06.572454,415.73
user_03643,RJ,2025-02-10 20:14:06.572454,126.69
user_03644,RS,2025-02-10 20:14:06.572454,106.55
user_03645,SP,2025-02-10 20:14:06.572454,470.78
user_03646,RJ,2025-02-10 20:14:06.572454,335.99
user_03647,RJ,2025-02-11 20:14:06.572454,280.28
user_03648,BA,2025-02-11 20:14:06.572454,124.31
user_03649,AM,2025-02-11 20:14:06.572454,397.96
user_03650,RS,2025-02-11 20:14:06.572454,133.7
user_03651,MG,2025-02-11 20:14:06.572454,225.52
user_03652,SC,2025-02-11 20:14:06.572454,778.65
user_03653,SP,2025-02-11 20:14:06.572454,144.22
user_03654,SP,2025-02-12 20:14:06.572454,69.52
user_03655,SP,2025-02-12 20:14:06.572454,105.42
user_03656,MG,2025-02-12 20:14:06.572454,542.09
user_03657,RJ,2025-02-13 20:14:06.572454,300.0
user_03658,PR,2025-02-13 20:14:06.572454,220.72
user_03659,DF,2025-02-13 20:14:06.572454,162.83
user_03660,RJ,2025-02-13 20:14:06.572454,360.79
user_03661,RJ,2025-02-13 20:14:06.572454,124.05
user_03662,SP,2025-02-13 20:14:06.572454,312.48
user_03663,SP,2025-02-14 20:14:06.572454,136.32
user_03664,BA,2025-02-14 20:14:06.572454,119.33
user_03665,RJ,2025-02-14 20:14:06.572454,146.94
user_03666,SC,2025-02-14 20:14:06.572454,181.21
user_03667,SP,2025-02-14 20:14:06.572454,235.32
user_03668,SP,2025-02-14 20:14:06.572454,295.41
user_03669,RJ,2025-02-14 20:14:06.572454,12.8
user_03670,SP,2025-02-14 20:14:06.572454,128.24
user_03671,SP,2025-02-14 20:14:06.572454,178.89
user_03672,RS,2025-02-14 20:14:06.572454,815.7
user_03673,SP,2025-02-14 20:14:06.572454,103.13
user_03674,PR,2025-02-14 20:14:06.572454,278.73
user_03675,MG,2025-02-15 20:14:06.572454,809.18
user_03676,SP,2025-02-15 20:14:06.572454,85.59
user_03677,MG,2025-02-16 20:14:06.572454,335.35
user_03678,SC,2025-02-16 20:14:06.572454,128.79
user_03679,MG,2025-02-16 20:14:06.572454,163.42
user_03680,RS,2025-02-16 20:14:06.572454,128.7
user_03681,SP,2025-02-16 20:14:06.572454,136.25
user_03682,RS,2025-02-16 20:14:06.572454,1434.6700539536776
user_03683,SP,2025-02-17 20:14:06.572454,480.85
user_03684,PR,2025-02-17 20:14:06.572454,590.75
user_03685,BA,2025-02-17 20:14:06.572454,362.71
user_03686,DF,2025-02-17 20:14:06.572454,67.69
user_03687,MG,2025-02-17 20:14:06.572454,335.62
user_03688,SP,2025-02-17 20:14:06.572454,577.29
user_03689,SP,2025-02-17 20:14:06.572454,123.63
user_03690,SC,2025-02-17 20:14:06.572454,529.67
user_03691,RJ,2025-02-17 20:14:06.572454,429.86
user_03692,RS,2025-02-18 20:14:06.572454,1118.8493801531145
user_03693,SP,2025-02-18 20:14:06.572454,175.17
user_03694,MG,2025-02-18 20:14:06.572454,101.69
user_03695,SP,2025-02-18 20:14:06.572454,183.22
user_03696,PE,2025-02-18 20:14:06.572454,771.59
user_03697,PR,2025-02-19 20:14:06.572454,56.67
user_03698,DF,2025-02-19 20:14:06.572454,46.77
user_03699,MG,2025-02-19 20:14:06.572454,262.83
user_03700,PR,2025-02-19 20:14:06.572454,171.73
user_03701,PR,2025-02-19 20:14:06.572454,246.21
user_03702,MG,2025-02-19 20:14:06.572454,521.26
user_03703,SC,2025-02-19 20:14:06.572454,157.27
user_03704,DF,2025-02-20 20:14:06.572454,54.69
user_03705,GO,2025-02-20 20:14:06.572454,1040.5938935252157
user_03706,RS,2025-02-20 20:14:06.572454,110.19
user_03707,MG,2025-02-20 20:14:06.572454,104.88
user_03708,MG,2025-02-20 20:14:06.572454,591.69
user_03709,PE,2025-02-20 20:14:06.572454,179.9
user_03710,SP,2025-02-20 20:14:06.572454,232.59
user_03711,RS,2025-02-20 20:14:06.572454,360.05
user_03712,RS,2025-02-20 20:14:06.572454,582.23
user_03713,PR,2025-02-20 20:14:06.572454,187.4
user_03714,AM,2025-02-20 20:14:06.572454,825.48
user_03715,MG,2025-02-21 20:14:06.572454,44.32
user_03716,MG,2025-02-21 20:14:06.572454,449.36
user_03717,SP,2025-02-21 20:14:06.572454,125.01
user_03718,RJ,2025-02-21 20:14:06.572454,733.49
user_03719,MG,2025-02-21 20:14:06.572454,274.14
user_03720,MG,2025-02-21 20:14:06.572454,142.83
user_03721,SC,2025-02-21 20:14:06.572454,415.83
user_03722,DF,2025-02-21 20:14:06.572454,499.97
user_03723,SP,2025-02-22 20:14:06.572454,408.92
user_03724,MG,2025-02-22 20:14:06.572454,107.37
user_03725,DF,2025-02-22 20:14:06.572454,166.13
user_03726,SP,2025-02-22 20:14:06.572454,243.9
user_03727,SP,2025-02-22 20:14:06.572454,236.75
user_03728,SP,2025-02-22 20:14:06.572454,445.77
user_03729,BA,2025-02-22 20:14:06.572454,48.82
user_03730,SP,2025-02-23 20:14:06.572454,319.73
user_03731,PE,2025-02-23 20:14:06.572454,194.03
user_03732,RJ,2025-02-23 20:14:06.572454,125.11
user_03733,RJ,2025-02-23 20:14:06.572454,135.1
user_03734,SP,2025-02-23 20:14:06.572454,206.1
user_03735,RJ,2025-02-23 20:14:06.572454,13.72
user_03736,PR,2025-02-23 20:14:06.572454,139.63
user_03737,RS,2025-02-23 20:14:06.572454,121.43
user_03738,RS,2025-02-23 20:14:06.572454,374.74
user_03739,BA,2025-02-24 20:14:06.572454,128.46
user_03740,DF,2025-02-24 20:14:06.572454,206.01
user_03741,SC,2025-02-24 20:14:06.572454,840.35
user_03742,RS,2025-02-24 20:14:06.572454,542.12
user_03743,SP,2025-02-24 20:14:06.572454,503.62
user_03744,SP,2025-02-24 20:14:06.572454,164.04
user_03745,SP,2025-02-25 20:14:06.572454,377.82
user_03746,PR,2025-02-25 20:14:06.572454,202.93
user_03747,RJ,2025-02-25 20:14:06.572454,209.17
user_03748,RJ,2025-02-25 20:14:06.572454,339.59
user_03749,GO,2025-02-26 20:14:06.572454,151.78
user_03750,GO,2025-02-26 20:14:06.572454,807.87
user_03751,DF,2025-02-26 20:14:06.572454,215.27
user_03752,MG,2025-02-26 20:14:06.572454,401.29
user_03753,PR,2025-02-26 20:14:06.572454,784.06
user_03754,MG,2025-02-26 20:14:06.572454,558.54
user_03755,SP,2025-02-26 20:14:06.572454,79.27
user_03756,SP,2025-02-27 20:14:06.572454,349.29
user_03757,MG,2025-02-27 20:14:06.572454,483.27
user_03758,RJ,2025-02-27 20:14:06.572454,499.44
user_03759,SC,2025-02-27 20:14:06.572454,100.42
user_03760,SP,2025-02-27 20:14:06.572454,144.66
user_03761,RS,2025-02-27 20:14:06.572454,542.21
user_03762,RJ,2025-02-27 20:14:06.572454,133.03
user_03763,MG,2025-02-27 20:14:06.572454,192.53
user_03764,RJ,2025-02-27 20:14:06.572454,863.25
user_03765,MG,2025-02-28 20:14:06.572454,235.51
user_03766,BA,2025-02-28 20:14:06.572454,136.81
user_03767,RJ,2025-02-28 20:14:06.572454,121.26
user_03768,SP,2025-02-28 20:14:06.572454,319.31
user_03769,SP,2025-02-28 20:14:06.572454,84.22
user_03770,RJ,2025-02-28 20:14:06.572454,200.76
user_03771,DF,2025-03-01 20:14:06.572454,319.44
user_03772,MG,2025-03-01 20:14:06.572454,691.82
user_03773,RS,2025-03-01 20:14:06.572454,417.4
user_03774,PR,2025-03-01 20:14:06.572454,138.21
user_03775,DF,2025-03-01 20:14:06.572454,628.12
user_03776,SC,2025-03-01 20:14:06.572454,192.56
user_03777,BA,2025-03-02 20:14:06.572454,91.05
user_03778,PR,2025-03-02 20:14:06.572454,213.23
user_03779,GO,2025-03-02 20:14:06.572454,773.2
user_03780,MG,2025-03-02 20:14:06.572454,279.27
user_03781,MG,2025-03-02 20:14:06.572454,247.16
user_03782,SP,2025-03-02 20:14:06.572454,906.66
user_03783,SC,2025-03-02 20:14:06.572454,77.86
user_03784,SC,2025-03-02 20:14:06.572454,87.49
user_03785,SP,2025-03-02 20:14:06.572454,67.18
user_03786,BA,2025-03-03 20:14:06.572454,329.68
user_03787,RJ,2025-03-03 20:14:06.572454,279.55
user_03788,SP,2025-03-03 20:14:06.572454,840.66
user_03789,CE,2025-03-03 20:14:06.572454,297.31
user_03790,SP,2025-03-04 20:14:06.572454,177.09
user_03791,SP,2025-03-04 20:14:06.572454,245.04
user_03792,BA,2025-03-04 20:14:06.572454,268.85
user_03793,RS,2025-03-04 20:14:06.572454,64.24
user_03794,SP,2025-03-04 20:14:06.572454,1313.5691970305588
user_03795,PR,2025-03-05 20:14:06.572454,370.89
user_03796,RJ,2025-03-05 20:14:06.572454,289.46
user_03797,SP,2025-03-05 20:14:06.572454,400.27
user_03798,SP,2025-03-05 20:14:06.572454,431.61
user_03799,BA,2025-03-05 20:14:06.572454,218.67
user_03800,MG,2025-03-06 20:14:06.572454,147.67
user_03801,DF,2025-03-06 20:14:06.572454,395.27
user_03802,SC,2025-03-06 20:14:06.572454,333.14
user_03803,CE,2025-03-06 20:14:06.572454,128.01
user_03804,MG,2025-03-06 20:14:06.572454,761.45
user_03805,PE,2025-03-06 20:14:06.572454,309.41
user_03806,RJ,2025-03-06 20:14:06.572454,438.72
user_03807,MG,2025-03-06 20:14:06.572454,745.11
user_03808,SP,2025-03-06 20:14:06.572454,249.01
user_03809,SP,2025-03-06 20:14:06.572454,315.31
user_03810,PR,2025-03-07 20:14:06.572454,467.79
user_03811,RJ,2025-03-07 20:14:06.572454,137.02
user_03812,SP,2025-03-07 20:14:06.572454,255.5
user_03813,PR,2025-03-07 20:14:06.572454,270.55
user_03814,MG,2025-03-07 20:14:06.572454,113.88
user_03815,BA,2025-03-07 20:14:06.572454,1168.1843559418548
user_03816,MG,2025-03-07 20:14:06.572454,79.37
user_03817,SC,2025-03-07 20:14:06.572454,86.62
user_03818,SC,2025-03-07 20:14:06.572454,700.21
user_03819,RJ,2025-03-08 20:14:06.572454,432.95
user_03820,MG,2025-03-08 20:14:06.572454,107.69
user_03821,MG,2025-03-08 20:14:06.572454,397.75
user_03822,SC,2025-03-08 20:14:06.572454,791.78
user_03823,MG,2025-03-08 20:14:06.572454,238.84
user_03824,SP,2025-03-08 20:14:06.572454,1336.0421953030316
user_03825,SP,2025-03-08 20:14:06.572454,61.61
user_03826,RJ,2025-03-08 20:14:06.572454,426.26
user_03827,RJ,2025-03-08 20:14:06.572454,622.18
user_03828,SC,2025-03-09 20:14:06.572454,499.23
user_03829,SP,2025-03-09 20:14:06.572454,207.79
user_03830,MG,2025-03-09 20:14:06.572454,193.96
user_03831,SC,2025-03-09 20:14:06.572454,349.09
user_03832,SC,2025-03-09 20:14:06.572454,469.94
user_03833,MG,2025-03-09 20:14:06.572454,396.22
user_03834,RJ,2025-03-09 20:14:06.572454,562.31
user_03835,MG,2025-03-09 20:14:06.572454,108.3
user_03836,DF,2025-03-09 20:14:06.572454,203.93
user_03837,SP,2025-03-09 20:14:06.572454,115.35
user_03838,DF,2025-03-09 20:14:06.572454,179.67
user_03839,PR,2025-03-10 20:14:06.572454,551.24
user_03840,RJ,2025-03-10 20:14:06.572454,266.77
user_03841,SP,2025-03-10 20:14:06.572454,1016.0598780339072
user_03842,RJ,2025-03-10 20:14:06.572454,285.64
user_03843,RJ,2025-03-10 20:14:06.572454,256.66
user_03844,SP,2025-03-10 20:14:06.572454,266.39
user_03845,PR,2025-03-10 20:14:06.572454,146.9
user_03846,CE,2025-03-10 20:14:06.572454,233.63
user_03847,BA,2025-03-10 20:14:06.572454,603.19
user_03848,RS,2025-03-10 20:14:06.572454,268.05
user_03849,SP,2025-03-11 20:14:06.572454,129.7
user_03850,RJ,2025-03-11 20:14:06.572454,116.74
user_03851,SP,2025-03-11 20:14:06.572454,170.69
user_03852,PR,2025-03-12 20:14:06.572454,259.59
user_03853,DF,2025-03-12 20:14:06.572454,635.79
user_03854,PR,2025-03-12 20:14:06.572454,83.73
user_03855,SP,2025-03-12 20:14:06.572454,189.45
user_03856,MG,2025-03-12 20:14:06.572454,274.64
user_03857,BA,2025-03-12 20:14:06.572454,56.43
user_03858,RJ,2025-03-12 20:14:06.572454,125.6
user_03859,SC,2025-03-13 20:14:06.572454,142.04
user_03860,SC,2025-03-13 20:14:06.572454,129.44
user_03861,PR,2025-03-13 20:14:06.572454,285.29
user_03862,MG,2025-03-13 20:14:06.572454,215.2
user_03863,MG,2025-03-13 20:14:06.572454,156.93
user_03864,SP,2025-03-13 20:14:06.572454,344.6
user_03865,MG,2025-03-13 20:14:06.572454,971.13
user_03866,RJ,2025-03-14 20:14:06.572454,908.15
user_03867,PR,2025-03-14 20:14:06.572454,52.55
user_03868,PR,2025-03-14 20:14:06.572454,388.25
user_03869,SP,2025-03-14 20:14:06.572454,212.21
user_03870,MG,2025-03-14 20:14:06.572454,277.03
user_03871,SP,2025-03-14 20:14:06.572454,177.93
user_03872,SP,2025-03-15 20:14:06.572454,268.83
user_03873,SC,2025-03-15 20:14:06.572454,276.2
user_03874,SP,2025-03-15 20:14:06.572454,153.98
user_03875,RJ,2025-03-15 20:14:06.572454,119.45
user_03876,SP,2025-03-15 20:14:06.572454,170.89
user_03877,GO,2025-03-15 20:14:06.572454,295.13
user_03878,BA,2025-03-15 20:14:06.572454,395.12
user_03879,SP,2025-03-16 20:14:06.572454,484.29
user_03880,RJ,2025-03-16 20:14:06.572454,164.79
user_03881,RS,2025-03-16 20:14:06.572454,307.07
user_03882,PE,2025-03-17 20:14:06.572454,528.48
user_03883,SP,2025-03-17 20:14:06.572454,621.71
user_03884,GO,2025-03-17 20:14:06.572454,233.44
user_03885,DF,2025-03-17 20:14:06.572454,205.05
user_03886,DF,2025-03-17 20:14:06.572454,285.12
user_03887,PR,2025-03-17 20:14:06.572454,97.54
user_03888,PR,2025-03-17 20:14:06.572454,209.58
user_03889,RJ,2025-03-18 20:14:06.572454,443.93
user_03890,RS,2025-03-18 20:14:06.572454,408.94
user_03891,RJ,2025-03-18 20:14:06.572454,197.11
user_03892,PR,2025-03-18 20:14:06.572454,291.25
user_03893,RJ,2025-03-18 20:14:06.572454,126.5
user_03894,RS,2025-03-18 20:14:06.572454,429.57
user_03895,SC,2025-03-18 20:14:06.572454,229.92
user_03896,SP,2025-03-18 20:14:06.572454,196.22
user_03897,SC,2025-03-18 20:14:06.572454,183.21
user_03898,RJ,2025-03-19 20:14:06.572454,232.68
user_03899,SC,2025-03-19 20:14:06.572454,171.01
user_03900,RJ,2025-03-19 20:14:06.572454,414.27
user_03901,MG,2025-03-19 20:14:06.572454,178.35
user_03902,DF,2025-03-19 20:14:06.572454,875.13
user_03903,MG,2025-03-19 20:14:06.572454,790.11
user_03904,SC,2025-03-19 20:14:06.572454,119.91
user_03905,RJ,2025-03-19 20:14:06.572454,258.72
user_03906,RJ,2025-03-20 20:14:06.572454,145.4
user_03907,MG,2025-03-20 20:14:06.572454,188.42
user_03908,BA,2025-03-20 20:14:06.572454,1066.6996175887448
user_03909,MG,2025-03-20 20:14:06.572454,191.32
user_03910,SP,2025-03-20 20:14:06.572454,326.42
user_03911,MG,2025-03-20 20:14:06.572454,377.31
user_03912,SP,2025-03-20 20:14:06.572454,109.89
user_03913,CE,2025-03-20 20:14:06.572454,123.46
user_03914,PE,2025-03-20 20:14:06.572454,93.24
user_03915,MG,2025-03-20 20:14:06.572454,120.45
user_03916,RS,2025-03-20 20:14:06.572454,25.03
user_03917,MG,2025-03-20 20:14:06.572454,378.29
user_03918,PR,2025-03-21 20:14:06.572454,1343.1861163863216
user_03919,SC,2025-03-21 20:14:06.572454,275.41
user_03920,DF,2025-03-21 20:14:06.572454,78.81
user_03921,RJ,2025-03-21 20:14:06.572454,146.32
user_03922,SC,2025-03-21 20:14:06.572454,169.51
user_03923,MG,2025-03-21 20:14:06.572454,108.41
user_03924,AM,2025-03-22 20:14:06.572454,486.94
user_03925,SP,2025-03-22 20:14:06.572454,467.88
user_03926,PR,2025-03-22 20:14:06.572454,97.09
user_03927,PR,2025-03-22 20:14:06.572454,437.06
user_03928,PR,2025-03-22 20:14:06.572454,830.02
user_03929,SP,2025-03-22 20:14:06.572454,1106.1853276512488
user_03930,DF,2025-03-22 20:14:06.572454,1428.7938378812007
user_03931,SP,2025-03-22 20:14:06.572454,118.91
user_03932,PR,2025-03-22 20:14:06.572454,1029.2954438550678
user_03933,SP,2025-03-23 20:14:06.572454,184.31
user_03934,MG,2025-03-23 20:14:06.572454,152.33
user_03935,RJ,2025-03-23 20:14:06.572454,317.87
user_03936,RJ,2025-03-23 20:14:06.572454,153.6
user_03937,SP,2025-03-23 20:14:06.572454,336.71
user_03938,SP,2025-03-23 20:14:06.572454,85.11
user_03939,RJ,2025-03-23 20:14:06.572454,202.15
user_03940,RS,2025-03-24 20:14:06.572454,684.35
user_03941,GO,2025-03-24 20:14:06.572454,233.77
user_03942,SP,2025-03-24 20:14:06.572454,274.04
user_03943,MG,2025-03-24 20:14:06.572454,357.88
user_03944,SP,2025-03-24 20:14:06.572454,624.24
user_03945,SP,2025-03-24 20:14:06.572454,65.09
user_03946,PR,2025-03-25 20:14:06.572454,390.57
user_03947,PR,2025-03-25 20:14:06.572454,197.45
user_03948,SP,2025-03-25 20:14:06.572454,279.59
user_03949,SP,2025-03-25 20:14:06.572454,571.33
user_03950,SP,2025-03-25 20:14:06.572454,94.13
user_03951,SC,2025-03-25 20:14:06.572454,108.84
user_03952,CE,2025-03-26 20:14:06.572454,52.02
user_03953,SP,2025-03-26 20:14:06.572454,157.7
user_03954,SP,2025-03-26 20:14:06.572454,709.35
user_03955,GO,2025-03-26 20:14:06.572454,222.19
user_03956,DF,2025-03-26 20:14:06.572454,83.76
user_03957,RJ,2025-03-26 20:14:06.572454,165.91
user_03958,SP,2025-03-27 20:14:06.572454,74.42
user_03959,SP,2025-03-27 20:14:06.572454,99.47
user_03960,BA,2025-03-27 20:14:06.572454,333.97
user_03961,MG,2025-03-27 20:14:06.572454,95.67
user_03962,SP,2025-03-28 20:14:06.572454,595.92
user_03963,BA,2025-03-28 20:14:06.572454,231.16
user_03964,SP,2025-03-28 20:14:06.572454,262.03
user_03965,SC,2025-03-28 20:14:06.572454,195.84
user_03966,MG,2025-03-28 20:14:06.572454,454.08
user_03967,SP,2025-03-28 20:14:06.572454,457.84
user_03968,BA,2025-03-28 20:14:06.572454,319.91
user_03969,MG,2025-03-28 20:14:06.572454,384.46
user_03970,CE,2025-03-28 20:14:06.572454,206.51
user_03971,RJ,2025-03-28 20:14:06.572454,377.57
user_03972,MG,2025-03-28 20:14:06.572454,186.74
user_03973,RS,2025-03-29 20:14:06.572454,245.13
user_03974,MG,2025-03-29 20:14:06.572454,196.43
user_03975,DF,2025-03-29 20:14:06.572454,169.73
user_03976,MG,2025-03-29 20:14:06.572454,140.99
user_03977,RJ,2025-03-29 20:14:06.572454,355.72
user_03978,SP,2025-03-29 20:14:06.572454,698.19
user_03979,RJ,2025-03-29 20:14:06.572454,624.46
user_03980,SC,2025-03-29 20:14:06.572454,89.55
user_03981,SC,2025-03-30 20:14:06.572454,686.33
user_03982,SP,2025-03-30 20:14:06.572454,189.71
user_03983,SP,2025-03-30 20:14:06.572454,395.67
user_03984,SC,2025-03-30 20:14:06.572454,118.51
user_03985,DF,2025-03-30 20:14:06.572454,274.12
user_03986,SP,2025-03-30 20:14:06.572454,314.5
user_03987,RJ,2025-03-30 20:14:06.572454,74.61
user_03988,MG,2025-03-30 20:14:06.572454,398.06
user_03989,GO,2025-03-30 20:14:06.572454,718.2
user_03990,SP,2025-03-31 20:14:06.572454,212.78
user_03991,SP,2025-03-31 20:14:06.572454,726.42
user_03992,RS,2025-03-31 20:14:06.572454,210.24
user_03993,SP,2025-03-31 20:14:06.572454,482.83
user_03994,RJ,2025-04-01 20:14:06.572454,41.48
user_03995,RJ,2025-04-01 20:14:06.572454,1107.7409913927872
user_03996,MG,2025-04-01 20:14:06.572454,809.46
user_03997,MG,2025-04-01 20:14:06.572454,194.86
user_03998,RJ,2025-04-01 20:14:06.572454,50.52
user_03999,SP,2025-04-01 20:14:06.572454,308.1
user_04000,BA,2025-04-01 20:14:06.572454,77.08
user_04001,SC,2025-04-01 20:14:06.572454,349.28
user_04002,RS,2025-04-01 20:14:06.572454,340.1
user_04003,SP,2025-04-02 20:14:06.572454,115.22
user_04004,SP,2025-04-02 20:14:06.572454,599.91
user_04005,MG,2025-04-02 20:14:06.572454,466.13
user_04006,MG,2025-04-02 20:14:06.572454,534.14
user_04007,RJ,2025-04-02 20:14:06.572454,246.43
user_04008,PR,2025-04-02 20:14:06.572454,78.85
user_04009,SP,2025-04-02 20:14:06.572454,535.02
user_04010,SP,2025-04-02 20:14:06.572454,197.1
user_04011,MG,2025-04-03 20:14:06.572454,80.49
user_04012,PR,2025-04-03 20:14:06.572454,721.72
user_04013,SP,2025-04-03 20:14:06.572454,1499.2801242425344
user_04014,PR,2025-04-03 20:14:06.572454,236.75
user_04015,MG,2025-04-03 20:14:06.572454,1216.5380512933964
user_04016,GO,2025-04-03 20:14:06.572454,263.24
user_04017,GO,2025-04-03 20:14:06.572454,180.48
user_04018,MG,2025-04-03 20:14:06.572454,147.77
user_04019,SP,2025-04-03 20:14:06.572454,906.57
user_04020,RJ,2025-04-04 20:14:06.572454,131.09
user_04021,SP,2025-04-04 20:14:06.572454,440.63
user_04022,PR,2025-04-04 20:14:06.572454,156.44
user_04023,SC,2025-04-04 20:14:06.572454,169.31
user_04024,PR,2025-04-05 20:14:06.572454,557.91
user_04025,SC,2025-04-05 20:14:06.572454,180.54
user_04026,MG,2025-04-05 20:14:06.572454,177.0
user_04027,SP,2025-04-05 20:14:06.572454,605.61
user_04028,RS,2025-04-05 20:14:06.572454,878.24
user_04029,MG,2025-04-05 20:14:06.572454,409.83
user_04030,PR,2025-04-06 20:14:06.572454,144.92
user_04031,MG,2025-04-06 20:14:06.572454,162.64
user_04032,SP,2025-04-06 20:14:06.572454,260.85
user_04033,AM,2025-04-06 20:14:06.572454,316.32
user_04034,SP,2025-04-06 20:14:06.572454,111.02
user_04035,CE,2025-04-06 20:14:06.572454,436.34
user_04036,CE,2025-04-07 20:14:06.572454,262.02
user_04037,SC,2025-04-07 20:14:06.572454,62.02
user_04038,PR,2025-04-07 20:14:06.572454,116.38
user_04039,BA,2025-04-08 20:14:06.572454,163.48
user_04040,GO,2025-04-08 20:14:06.572454,230.84
user_04041,MG,2025-04-08 20:14:06.572454,1351.4828317723218
user_04042,RJ,2025-04-08 20:14:06.572454,296.05
user_04043,PR,2025-04-08 20:14:06.572454,124.88
user_04044,RJ,2025-04-08 20:14:06.572454,291.93
user_04045,RJ,2025-04-09 20:14:06.572454,184.63
user_04046,MG,2025-04-09 20:14:06.572454,317.29
user_04047,BA,2025-04-09 20:14:06.572454,389.34
user_04048,GO,2025-04-09 20:14:06.572454,643.8
user_04049,SP,2025-04-09 20:14:06.572454,239.98
user_04050,DF,2025-04-09 20:14:06.572454,907.93
user_04051,PR,2025-04-09 20:14:06.572454,505.94
user_04052,SC,2025-04-09 20:14:06.572454,138.94
user_04053,BA,2025-04-09 20:14:06.572454,1091.3315244285068
user_04054,RS,2025-04-10 20:14:06.572454,317.86
user_04055,SP,2025-04-10 20:14:06.572454,125.45
user_04056,SC,2025-04-10 20:14:06.572454,918.12
user_04057,SP,2025-04-10 20:14:06.572454,1304.9343674927688
user_04058,GO,2025-04-10 20:14:06.572454,238.31
user_04059,AM,2025-04-10 20:14:06.572454,163.54
user_04060,MG,2025-04-10 20:14:06.572454,213.17
user_04061,SP,2025-04-10 20:14:06.572454,433.45
user_04062,RS,2025-04-11 20:14:06.572454,680.13
user_04063,MG,2025-04-11 20:14:06.572454,386.21
user_04064,GO,2025-04-11 20:14:06.572454,265.44
user_04065,SP,2025-04-11 20:14:06.572454,811.11
user_04066,SP,2025-04-12 20:14:06.572454,190.51
user_04067,CE,2025-04-12 20:14:06.572454,558.21
user_04068,PR,2025-04-12 20:14:06.572454,194.33
user_04069,SC,2025-04-12 20:14:06.572454,345.44
user_04070,MG,2025-04-12 20:14:06.572454,223.44
user_04071,PR,2025-04-12 20:14:06.572454,234.0
user_04072,BA,2025-04-12 20:14:06.572454,180.93
user_04073,PR,2025-04-12 20:14:06.572454,717.58
user_04074,PR,2025-04-13 20:14:06.572454,136.14
user_04075,BA,2025-04-13 20:14:06.572454,135.34
user_04076,RJ,2025-04-13 20:14:06.572454,1363.0530341847093
user_04077,MG,2025-04-13 20:14:06.572454,535.01
user_04078,RS,2025-04-13 20:14:06.572454,36.3
user_04079,SP,2025-04-13 20:14:06.572454,155.68
user_04080,PR,2025-04-13 20:14:06.572454,57.42
user_04081,SP,2025-04-13 20:14:06.572454,114.37
user_04082,PR,2025-04-13 20:14:06.572454,19.87
user_04083,RS,2025-04-13 20:14:06.572454,219.29
user_04084,SP,2025-04-14 20:14:06.572454,98.15
user_04085,SP,2025-04-14 20:14:06.572454,256.7
user_04086,SP,2025-04-14 20:14:06.572454,66.68
user_04087,PR,2025-04-14 20:14:06.572454,261.47
user_04088,SC,2025-04-14 20:14:06.572454,175.58
user_04089,SP,2025-04-14 20:14:06.572454,813.68
user_04090,RS,2025-04-14 20:14:06.572454,756.79
user_04091,MG,2025-04-14 20:14:06.572454,458.64
user_04092,RJ,2025-04-15 20:14:06.572454,188.43
user_04093,DF,2025-04-15 20:14:06.572454,1157.2383179332553
user_04094,MG,2025-04-15 20:14:06.572454,70.64
user_04095,RJ,2025-04-15 20:14:06.572454,79.61
user_04096,SP,2025-04-15 20:14:06.572454,228.83
user_04097,SP,2025-04-15 20:14:06.572454,1414.448555987939
user_04098,MG,2025-04-15 20:14:06.572454,208.12
user_04099,SP,2025-04-15 20:14:06.572454,211.33
user_04100,PR,2025-04-16 20:14:06.572454,77.21
user_04101,RJ,2025-04-16 20:14:06.572454,521.52
user_04102,RJ,2025-04-16 20:14:06.572454,524.55
user_04103,SP,2025-04-16 20:14:06.572454,460.02
user_04104,MG,2025-04-17 20:14:06.572454,147.91
user_04105,PR,2025-04-17 20:14:06.572454,139.02
user_04106,PE,2025-04-17 20:14:06.572454,86.96
user_04107,SP,2025-04-17 20:14:06.572454,261.67
user_04108,GO,2025-04-18 20:14:06.572454,103.1
user_04109,BA,2025-04-18 20:14:06.572454,95.4
user_04110,BA,2025-04-18 20:14:06.572454,174.35
user_04111,RJ,2025-04-18 20:14:06.572454,165.45
user_04112,SP,2025-04-18 20:14:06.572454,159.11
user_04113,SP,2025-04-18 20:14:06.572454,355.37
user_04114,PR,2025-04-18 20:14:06.572454,260.67
user_04115,MG,2025-04-18 20:14:06.572454,194.31
user_04116,DF,2025-04-19 20:14:06.572454,283.27
user_04117,RJ,2025-04-19 20:14:06.572454,110.69
user_04118,SP,2025-04-19 20:14:06.572454,266.19
user_04119,RS,2025-04-19 20:14:06.572454,276.02
user_04120,MG,2025-04-20 20:14:06.572454,73.52
user_04121,RJ,2025-04-20 20:14:06.572454,542.7
user_04122,PR,2025-04-20 20:14:06.572454,120.89
user_04123,DF,2025-04-20 20:14:06.572454,263.02
user_04124,SC,2025-04-20 20:14:06.572454,621.12
user_04125,PR,2025-04-20 20:14:06.572454,513.14
user_04126,PR,2025-04-20 20:14:06.572454,251.51
user_04127,DF,2025-04-20 20:14:06.572454,183.09
user_04128,MG,2025-04-20 20:14:06.572454,522.18
user_04129,SP,2025-04-20 20:14:06.572454,419.79
user_04130,MG,2025-04-20 20:14:06.572454,149.2
user_04131,SP,2025-04-20 20:14:06.572454,129.55
user_04132,PR,2025-04-21 20:14:06.572454,46.62
user_04133,PR,2025-04-21 20:14:06.572454,276.78
user_04134,BA,2025-04-21 20:14:06.572454,229.03
user_04135,SP,2025-04-21 20:14:06.572454,607.26
user_04136,RS,2025-04-21 20:14:06.572454,326.11
user_04137,MG,2025-04-21 20:14:06.572454,711.51
user_04138,PR,2025-04-22 20:14:06.572454,140.07
user_04139,BA,2025-04-22 20:14:06.572454,608.21
user_04140,MG,2025-04-22 20:14:06.572454,160.27
user_04141,SP,2025-04-22 20:14:06.572454,455.81
user_04142,SP,2025-04-22 20:14:06.572454,76.17
user_04143,SC,2025-04-22 20:14:06.572454,295.33
user_04144,DF,2025-04-22 20:14:06.572454,50.01
user_04145,PR,2025-04-22 20:14:06.572454,197.61
user_04146,SP,2025-04-22 20:14:06.572454,348.03
user_04147,RJ,2025-04-22 20:14:06.572454,161.29
user_04148,RS,2025-04-23 20:14:06.572454,105.6
user_04149,RS,2025-04-23 20:14:06.572454,481.49
user_04150,SP,2025-04-23 20:14:06.572454,225.25
user_04151,SP,2025-04-23 20:14:06.572454,165.4
user_04152,RS,2025-04-23 20:14:06.572454,253.03
user_04153,MG,2025-04-23 20:14:06.572454,1301.7087892361417
user_04154,MG,2025-04-23 20:14:06.572454,615.73
user_04155,SP,2025-04-23 20:14:06.572454,620.21
user_04156,RJ,2025-04-23 20:14:06.572454,346.69
user_04157,GO,2025-04-23 20:14:06.572454,279.55
user_04158,PE,2025-04-23 20:14:06.572454,35.99
user_04159,BA,2025-04-24 20:14:06.572454,142.14
user_04160,RJ,2025-04-24 20:14:06.572454,166.59
user_04161,SP,2025-04-24 20:14:06.572454,54.6
user_04162,RJ,2025-04-24 20:14:06.572454,96.94
user_04163,MG,2025-04-24 20:14:06.572454,50.17
user_04164,PR,2025-04-24 20:14:06.572454,237.3
user_04165,MG,2025-04-25 20:14:06.572454,471.07
user_04166,SP,2025-04-25 20:14:06.572454,593.13
user_04167,SP,2025-04-25 20:14:06.572454,340.98
user_04168,MG,2025-04-26 20:14:06.572454,113.21
user_04169,SP,2025-04-26 20:14:06.572454,52.16
user_04170,SP,2025-04-26 20:14:06.572454,60.01
user_04171,CE,2025-04-26 20:14:06.572454,88.66
user_04172,RJ,2025-04-26 20:14:06.572454,120.17
user_04173,RJ,2025-04-27 20:14:06.572454,215.34
user_04174,GO,2025-04-27 20:14:06.572454,108.71
user_04175,AM,2025-04-28 20:14:06.572454,320.92
user_04176,BA,2025-04-28 20:14:06.572454,203.2
user_04177,SC,2025-04-28 20:14:06.572454,246.77
user_04178,MG,2025-04-28 20:14:06.572454,609.23
user_04179,MG,2025-04-28 20:14:06.572454,95.18
user_04180,RJ,2025-04-28 20:14:06.572454,342.05
user_04181,PR,2025-04-29 20:14:06.572454,241.97
user_04182,PR,2025-04-29 20:14:06.572454,187.39
user_04183,MG,2025-04-29 20:14:06.572454,496.81
user_04184,SP,2025-04-29 20:14:06.572454,494.33
user_04185,PR,2025-04-29 20:14:06.572454,114.76
user_04186,SP,2025-04-29 20:14:06.572454,211.51
user_04187,BA,2025-04-29 20:14:06.572454,306.42
user_04188,PR,2025-04-30 20:14:06.572454,196.68
user_04189,RS,2025-04-30 20:14:06.572454,390.73
user_04190,RS,2025-04-30 20:14:06.572454,306.42
user_04191,GO,2025-05-01 20:14:06.572454,1194.5615048075151
user_04192,RJ,2025-05-01 20:14:06.572454,71.94
user_04193,RS,2025-05-01 20:14:06.572454,221.86
user_04194,PR,2025-05-01 20:14:06.572454,118.3
user_04195,SP,2025-05-01 20:14:06.572454,396.74
user_04196,SP,2025-05-01 20:14:06.572454,67.11
user_04197,MG,2025-05-01 20:14:06.572454,322.81
user_04198,RJ,2025-05-01 20:14:06.572454,147.81
user_04199,PR,2025-05-01 20:14:06.572454,136.0
user_04200,SC,2025-05-02 20:14:06.572454,76.92
user_04201,SP,2025-05-02 20:14:06.572454,168.67
user_04202,SP,2025-05-02 20:14:06.572454,582.66
user_04203,PE,2025-05-02 20:14:06.572454,239.81
user_04204,SP,2025-05-02 20:14:06.572454,404.29
user_04205,RJ,2025-05-02 20:14:06.572454,926.78
user_04206,BA,2025-05-02 20:14:06.572454,302.17
user_04207,RJ,2025-05-03 20:14:06.572454,156.49
user_04208,SP,2025-05-03 20:14:06.572454,355.6
user_04209,SP,2025-05-03 20:14:06.572454,158.31
user_04210,SP,2025-05-03 20:14:06.572454,163.44
user_04211,BA,2025-05-03 20:14:06.572454,72.54
user_04212,RJ,2025-05-03 20:14:06.572454,513.37
user_04213,SP,2025-05-03 20:14:06.572454,179.68
user_04214,PR,2025-05-03 20:14:06.572454,283.07
user_04215,SC,2025-05-04 20:14:06.572454,106.83
user_04216,SP,2025-05-04 20:14:06.572454,346.8
user_04217,RJ,2025-05-04 20:14:06.572454,133.01
user_04218,PR,2025-05-04 20:14:06.572454,218.47
user_04219,MG,2025-05-05 20:14:06.572454,493.86
user_04220,MG,2025-05-05 20:14:06.572454,460.64
user_04221,PR,2025-05-05 20:14:06.572454,240.42
user_04222,GO,2025-05-05 20:14:06.572454,59.47
user_04223,SC,2025-05-05 20:14:06.572454,1278.8211966715794
user_04224,BA,2025-05-05 20:14:06.572454,988.99
user_04225,RS,2025-05-05 20:14:06.572454,436.22
user_04226,MG,2025-05-05 20:14:06.572454,133.95
user_04227,PR,2025-05-05 20:14:06.572454,223.44
user_04228,RJ,2025-05-05 20:14:06.572454,158.42
user_04229,SP,2025-05-06 20:14:06.572454,672.56
user_04230,RS,2025-05-06 20:14:06.572454,301.87
user_04231,BA,2025-05-06 20:14:06.572454,130.67
user_04232,MG,2025-05-06 20:14:06.572454,167.9
user_04233,DF,2025-05-06 20:14:06.572454,600.01
user_04234,SP,2025-05-06 20:14:06.572454,880.14
user_04235,MG,2025-05-06 20:14:06.572454,831.03
user_04236,SP,2025-05-06 20:14:06.572454,448.37
user_04237,RS,2025-05-07 20:14:06.572454,199.92
user_04238,RS,2025-05-07 20:14:06.572454,18.3
user_04239,MG,2025-05-07 20:14:06.572454,310.36
user_04240,PR,2025-05-07 20:14:06.572454,244.33
user_04241,MG,2025-05-07 20:14:06.572454,273.69
user_04242,RS,2025-05-07 20:14:06.572454,255.47
user_04243,RJ,2025-05-08 20:14:06.572454,84.69
user_04244,RJ,2025-05-08 20:14:06.572454,382.19
user_04245,DF,2025-05-08 20:14:06.572454,405.76
user_04246,MG,2025-05-08 20:14:06.572454,422.37
user_04247,SP,2025-05-08 20:14:06.572454,521.79
user_04248,BA,2025-05-08 20:14:06.572454,396.72
user_04249,PE,2025-05-08 20:14:06.572454,176.26
user_04250,MG,2025-05-09 20:14:06.572454,231.21
user_04251,SP,2025-05-09 20:14:06.572454,263.2
user_04252,MG,2025-05-09 20:14:06.572454,266.71
user_04253,RJ,2025-05-10 20:14:06.572454,543.8
user_04254,SP,2025-05-10 20:14:06.572454,409.5
user_04255,PR,2025-05-10 20:14:06.572454,1288.380423717962
user_04256,AM,2025-05-10 20:14:06.572454,1082.767646346933
user_04257,RJ,2025-05-10 20:14:06.572454,260.79
user_04258,MG,2025-05-10 20:14:06.572454,11.37
user_04259,RJ,2025-05-10 20:14:06.572454,658.17
user_04260,SP,2025-05-11 20:14:06.572454,158.81
user_04261,GO,2025-05-11 20:14:06.572454,128.87
user_04262,RJ,2025-05-11 20:14:06.572454,177.9
user_04263,MG,2025-05-11 20:14:06.572454,171.17
user_04264,PR,2025-05-11 20:14:06.572454,399.34
user_04265,RJ,2025-05-11 20:14:06.572454,70.28
user_04266,PR,2025-05-11 20:14:06.572454,103.32
user_04267,SP,2025-05-11 20:14:06.572454,321.99
user_04268,SC,2025-05-11 20:14:06.572454,402.77
user_04269,DF,2025-05-12 20:14:06.572454,408.8
user_04270,PR,2025-05-12 20:14:06.572454,130.37
user_04271,PE,2025-05-12 20:14:06.572454,111.88
user_04272,SP,2025-05-12 20:14:06.572454,163.15
user_04273,RJ,2025-05-12 20:14:06.572454,296.46
user_04274,PR,2025-05-12 20:14:06.572454,803.02
user_04275,BA,2025-05-12 20:14:06.572454,47.56
user_04276,RJ,2025-05-12 20:14:06.572454,205.08
user_04277,MG,2025-05-12 20:14:06.572454,84.26
user_04278,SP,2025-05-13 20:14:06.572454,65.25
user_04279,MG,2025-05-13 20:14:06.572454,530.36
user_04280,SP,2025-05-13 20:14:06.572454,378.3
user_04281,RS,2025-05-13 20:14:06.572454,350.57
user_04282,SP,2025-05-14 20:14:06.572454,511.23
user_04283,SP,2025-05-14 20:14:06.572454,166.7
user_04284,BA,2025-05-14 20:14:06.572454,173.1
user_04285,BA,2025-05-14 20:14:06.572454,1201.366184933483
user_04286,GO,2025-05-14 20:14:06.572454,200.89
user_04287,BA,2025-05-14 20:14:06.572454,440.59
user_04288,MG,2025-05-14 20:14:06.572454,245.94
user_04289,SC,2025-05-14 20:14:06.572454,55.78
user_04290,RJ,2025-05-15 20:14:06.572454,47.67
user_04291,SP,2025-05-15 20:14:06.572454,153.98
user_04292,BA,2025-05-15 20:14:06.572454,569.57
user_04293,DF,2025-05-15 20:14:06.572454,459.73
user_04294,MG,2025-05-15 20:14:06.572454,508.4
user_04295,MG,2025-05-16 20:14:06.572454,111.09
user_04296,SP,2025-05-16 20:14:06.572454,891.32
user_04297,SP,2025-05-16 20:14:06.572454,113.08
user_04298,RJ,2025-05-16 20:14:06.572454,290.11
user_04299,BA,2025-05-16 20:14:06.572454,242.67
user_04300,SP,2025-05-16 20:14:06.572454,212.92
user_04301,DF,2025-05-16 20:14:06.572454,713.99
user_04302,RS,2025-05-16 20:14:06.572454,139.2
user_04303,BA,2025-05-17 20:14:06.572454,83.12
user_04304,SC,2025-05-17 20:14:06.572454,248.64
user_04305,SP,2025-05-17 20:14:06.572454,177.71
user_04306,RJ,2025-05-17 20:14:06.572454,1171.7152940097465
user_04307,PR,2025-05-17 20:14:06.572454,420.4
user_04308,SC,2025-05-17 20:14:06.572454,176.36
user_04309,SC,2025-05-18 20:14:06.572454,105.12
user_04310,MG,2025-05-18 20:14:06.572454,54.37
user_04311,DF,2025-05-18 20:14:06.572454,107.75
user_04312,SP,2025-05-18 20:14:06.572454,268.26
user_04313,GO,2025-05-19 20:14:06.572454,766.52
user_04314,CE,2025-05-19 20:14:06.572454,600.25
user_04315,SP,2025-05-19 20:14:06.572454,293.91
user_04316,RS,2025-05-19 20:14:06.572454,188.95
user_04317,SP,2025-05-19 20:14:06.572454,303.4
user_04318,RJ,2025-05-20 20:14:06.572454,161.59
user_04319,RJ,2025-05-20 20:14:06.572454,967.48
user_04320,BA,2025-05-20 20:14:06.572454,210.32
user_04321,DF,2025-05-20 20:14:06.572454,228.36
user_04322,PR,2025-05-20 20:14:06.572454,41.57
user_04323,RJ,2025-05-20 20:14:06.572454,209.28
user_04324,SC,2025-05-21 20:14:06.572454,477.8
user_04325,PE,2025-05-21 20:14:06.572454,104.15
user_04326,SP,2025-05-21 20:14:06.572454,134.21
user_04327,CE,2025-05-21 20:14:06.572454,461.36
user_04328,SP,2025-05-22 20:14:06.572454,75.09
user_04329,SC,2025-05-22 20:14:06.572454,570.34
user_04330,MG,2025-05-22 20:14:06.572454,159.86
user_04331,SP,2025-05-22 20:14:06.572454,179.32
user_04332,RJ,2025-05-22 20:14:06.572454,99.57
user_04333,PR,2025-05-22 20:14:06.572454,331.11
user_04334,MG,2025-05-22 20:14:06.572454,1200.451361289563
user_04335,SP,2025-05-22 20:14:06.572454,457.24
user_04336,BA,2025-05-23 20:14:06.572454,122.56
user_04337,DF,2025-05-23 20:14:06.572454,606.98
user_04338,MG,2025-05-23 20:14:06.572454,189.93
user_04339,SP,2025-05-23 20:14:06.572454,734.79
user_04340,RJ,2025-05-23 20:14:06.572454,466.54
user_04341,SP,2025-05-24 20:14:06.572454,23.23
user_04342,SC,2025-05-24 20:14:06.572454,109.59
user_04343,SC,2025-05-24 20:14:06.572454,520.87
user_04344,BA,2025-05-24 20:14:06.572454,276.26
user_04345,MG,2025-05-24 20:14:06.572454,107.88
user_04346,SC,2025-05-24 20:14:06.572454,147.4
user_04347,BA,2025-05-24 20:14:06.572454,53.25
user_04348,SC,2025-05-24 20:14:06.572454,227.99
user_04349,PR,2025-05-25 20:14:06.572454,1380.5552942426289
user_04350,SC,2025-05-25 20:14:06.572454,465.89
user_04351,BA,2025-05-25 20:14:06.572454,1241.2692037333363
user_04352,RJ,2025-05-25 20:14:06.572454,495.67
user_04353,PE,2025-05-25 20:14:06.572454,556.68
user_04354,RJ,2025-05-25 20:14:06.572454,1470.158076619632
user_04355,PR,2025-05-26 20:14:06.572454,330.9
user_04356,SP,2025-05-26 20:14:06.572454,210.65
user_04357,PR,2025-05-26 20:14:06.572454,558.99
user_04358,BA,2025-05-26 20:14:06.572454,782.95
user_04359,SP,2025-05-26 20:14:06.572454,166.67
user_04360,SP,2025-05-27 20:14:06.572454,137.38
user_04361,PR,2025-05-27 20:14:06.572454,273.44
user_04362,RS,2025-05-27 20:14:06.572454,475.9
user_04363,RJ,2025-05-27 20:14:06.572454,463.35
user_04364,SP,2025-05-27 20:14:06.572454,78.31
user_04365,PR,2025-05-28 20:14:06.572454,1146.838206679218
user_04366,SP,2025-05-28 20:14:06.572454,146.51
user_04367,RJ,2025-05-28 20:14:06.572454,197.94
user_04368,SP,2025-05-28 20:14:06.572454,118.85
user_04369,SP,2025-05-28 20:14:06.572454,1207.8517891424644
user_04370,SP,2025-05-28 20:14:06.572454,296.98
user_04371,MG,2025-05-29 20:14:06.572454,123.87
user_04372,SP,2025-05-29 20:14:06.572454,488.4
user_04373,MG,2025-05-29 20:14:06.572454,452.74
user_04374,RJ,2025-05-30 20:14:06.572454,210.57
user_04375,RJ,2025-05-30 20:14:06.572454,479.38
user_04376,MG,2025-05-30 20:14:06.572454,126.44
user_04377,SC,2025-05-30 20:14:06.572454,164.95
user_04378,SP,2025-05-30 20:14:06.572454,49.0
user_04379,RJ,2025-05-30 20:14:06.572454,84.85
user_04380,SP,2025-05-30 20:14:06.572454,1393.4784052395207
user_04381,SP,2025-05-30 20:14:06.572454,909.73
user_04382,BA,2025-05-30 20:14:06.572454,257.92
user_04383,BA,2025-05-31 20:14:06.572454,925.51
user_04384,GO,2025-05-31 20:14:06.572454,215.28
user_04385,BA,2025-05-31 20:14:06.572454,201.4
user_04386,PE,2025-05-31 20:14:06.572454,256.01
user_04387,SP,2025-05-31 20:14:06.572454,221.42
user_04388,SP,2025-05-31 20:14:06.572454,205.99
user_04389,SP,2025-05-31 20:14:06.572454,610.77
user_04390,SP,2025-06-01 20:14:06.572454,275.92
user_04391,RJ,2025-06-01 20:14:06.572454,432.67
user_04392,PR,2025-06-01 20:14:06.572454,558.42
user_04393,SP,2025-06-01 20:14:06.572454,333.8
user_04394,DF,2025-06-01 20:14:06.572454,112.59
user_04395,SC,2025-06-01 20:14:06.572454,82.91
user_04396,MG,2025-06-01 20:14:06.572454,275.62
user_04397,SP,2025-06-01 20:14:06.572454,213.36
user_04398,SP,2025-06-01 20:14:06.572454,262.41
user_04399,SP,2025-06-01 20:14:06.572454,241.57
user_04400,SP,2025-06-01 20:14:06.572454,1273.0122966603751
user_04401,RJ,2025-06-02 20:14:06.572454,84.42
user_04402,SP,2025-06-02 20:14:06.572454,49.8
user_04403,MG,2025-06-02 20:14:06.572454,319.23
user_04404,CE,2025-06-03 20:14:06.572454,181.07
user_04405,PR,2025-06-03 20:14:06.572454,315.09
user_04406,DF,2025-06-03 20:14:06.572454,390.37
user_04407,SP,2025-06-03 20:14:06.572454,683.54
user_04408,MG,2025-06-03 20:14:06.572454,73.27
user_04409,BA,2025-06-04 20:14:06.572454,156.75
user_04410,SP,2025-06-04 20:14:06.572454,344.82
user_04411,SP,2025-06-04 20:14:06.572454,453.22
user_04412,PR,2025-06-04 20:14:06.572454,1273.5140732122238
user_04413,PR,2025-06-04 20:14:06.572454,525.61
user_04414,RJ,2025-06-04 20:14:06.572454,233.82
user_04415,RJ,2025-06-04 20:14:06.572454,120.02
user_04416,RJ,2025-06-04 20:14:06.572454,155.8
user_04417,SP,2025-06-04 20:14:06.572454,152.3
user_04418,MG,2025-06-04 20:14:06.572454,413.31
user_04419,SP,2025-06-05 20:14:06.572454,300.55
user_04420,SP,2025-06-05 20:14:06.572454,84.87
user_04421,PE,2025-06-05 20:14:06.572454,172.65
user_04422,BA,2025-06-05 20:14:06.572454,493.75
user_04423,RS,2025-06-05 20:14:06.572454,324.19
user_04424,MG,2025-06-05 20:14:06.572454,385.64
user_04425,MG,2025-06-05 20:14:06.572454,332.4
user_04426,SP,2025-06-05 20:14:06.572454,898.88
user_04427,SP,2025-06-05 20:14:06.572454,295.55
user_04428,SP,2025-06-05 20:14:06.572454,179.68
user_04429,SC,2025-06-05 20:14:06.572454,117.61
user_04430,PR,2025-06-05 20:14:06.572454,298.77
user_04431,RJ,2025-06-05 20:14:06.572454,34.72
user_04432,RJ,2025-06-06 20:14:06.572454,211.15
user_04433,DF,2025-06-06 20:14:06.572454,207.54
user_04434,SP,2025-06-06 20:14:06.572454,82.14
user_04435,MG,2025-06-06 20:14:06.572454,116.44
user_04436,MG,2025-06-06 20:14:06.572454,467.65
user_04437,SC,2025-06-06 20:14:06.572454,294.29
user_04438,AM,2025-06-06 20:14:06.572454,265.45
user_04439,SP,2025-06-07 20:14:06.572454,312.65
user_04440,GO,2025-06-07 20:14:06.572454,263.51
user_04441,SC,2025-06-07 20:14:06.572454,661.35
user_04442,SP,2025-06-07 20:14:06.572454,270.09
user_04443,MG,2025-06-07 20:14:06.572454,76.21
user_04444,RJ,2025-06-07 20:14:06.572454,901.54
user_04445,CE,2025-06-07 20:14:06.572454,329.07
user_04446,SP,2025-06-07 20:14:06.572454,152.72
user_04447,SC,2025-06-07 20:14:06.572454,89.77
user_04448,MG,2025-06-08 20:14:06.572454,335.87
user_04449,RS,2025-06-08 20:14:06.572454,222.8
user_04450,RJ,2025-06-08 20:14:06.572454,862.05
user_04451,BA,2025-06-08 20:14:06.572454,185.54
user_04452,SC,2025-06-08 20:14:06.572454,125.22
user_04453,SC,2025-06-08 20:14:06.572454,501.02
user_04454,GO,2025-06-09 20:14:06.572454,512.97
user_04455,SP,2025-06-09 20:14:06.572454,280.04
user_04456,PR,2025-06-09 20:14:06.572454,420.35
user_04457,SP,2025-06-09 20:14:06.572454,237.42
user_04458,RJ,2025-06-09 20:14:06.572454,295.03
user_04459,RJ,2025-06-09 20:14:06.572454,621.41
user_04460,RJ,2025-06-09 20:14:06.572454,403.53
user_04461,RJ,2025-06-09 20:14:06.572454,213.7
user_04462,AM,2025-06-09 20:14:06.572454,721.9
user_04463,SP,2025-06-09 20:14:06.572454,36.9
user_04464,PR,2025-06-09 20:14:06.572454,1026.6700815025918
user_04465,MG,2025-06-09 20:14:06.572454,62.5
user_04466,SP,2025-06-10 20:14:06.572454,148.16
user_04467,SP,2025-06-11 20:14:06.572454,236.81
user_04468,DF,2025-06-11 20:14:06.572454,217.63
user_04469,GO,2025-06-11 20:14:06.572454,547.37
user_04470,DF,2025-06-11 20:14:06.572454,104.98
user_04471,AM,2025-06-11 20:14:06.572454,301.45
user_04472,SP,2025-06-11 20:14:06.572454,154.07
user_04473,MG,2025-06-11 20:14:06.572454,309.86
user_04474,PR,2025-06-11 20:14:06.572454,232.34
user_04475,RJ,2025-06-11 20:14:06.572454,263.58
user_04476,RJ,2025-06-11 20:14:06.572454,157.6
user_04477,MG,2025-06-12 20:14:06.572454,162.71
user_04478,BA,2025-06-12 20:14:06.572454,307.91
user_04479,BA,2025-06-12 20:14:06.572454,520.6
user_04480,SP,2025-06-12 20:14:06.572454,151.62
user_04481,RJ,2025-06-12 20:14:06.572454,122.12
user_04482,BA,2025-06-12 20:14:06.572454,399.72
user_04483,BA,2025-06-12 20:14:06.572454,238.41
user_04484,SP,2025-06-12 20:14:06.572454,475.52
user_04485,RS,2025-06-12 20:14:06.572454,118.55
user_04486,SP,2025-06-12 20:14:06.572454,58.94
user_04487,MG,2025-06-13 20:14:06.572454,159.75
user_04488,SC,2025-06-13 20:14:06.572454,132.54
user_04489,BA,2025-06-13 20:14:06.572454,229.74
user_04490,MG,2025-06-13 20:14:06.572454,147.01
user_04491,PR,2025-06-13 20:14:06.572454,442.67
user_04492,BA,2025-06-13 20:14:06.572454,194.31
user_04493,SC,2025-06-13 20:14:06.572454,275.99
user_04494,RS,2025-06-13 20:14:06.572454,277.58
user_04495,PR,2025-06-13 20:14:06.572454,285.99
user_04496,RJ,2025-06-13 20:14:06.572454,240.01
user_04497,SP,2025-06-14 20:14:06.572454,368.15
user_04498,MG,2025-06-14 20:14:06.572454,129.47
user_04499,RJ,2025-06-14 20:14:06.572454,749.6
user_04500,BA,2025-06-14 20:14:06.572454,202.51
user_04501,RJ,2025-06-14 20:14:06.572454,85.69
user_04502,MG,2025-06-14 20:14:06.572454,284.42
user_04503,SP,2025-06-14 20:14:06.572454,123.85
user_04504,RJ,2025-06-15 20:14:06.572454,416.66
user_04505,MG,2025-06-15 20:14:06.572454,1199.299831359228
user_04506,RS,2025-06-15 20:14:06.572454,130.42
user_04507,SP,2025-06-15 20:14:06.572454,319.23
user_04508,BA,2025-06-15 20:14:06.572454,60.08
user_04509,DF,2025-06-16 20:14:06.572454,351.82
user_04510,SP,2025-06-16 20:14:06.572454,120.47
user_04511,RJ,2025-06-16 20:14:06.572454,148.43
user_04512,SP,2025-06-16 20:14:06.572454,101.39
user_04513,PR,2025-06-16 20:14:06.572454,439.54
user_04514,BA,2025-06-16 20:14:06.572454,547.76
user_04515,RJ,2025-06-16 20:14:06.572454,249.31
user_04516,RJ,2025-06-16 20:14:06.572454,122.54
user_04517,GO,2025-06-16 20:14:06.572454,872.72
user_04518,SP,2025-06-16 20:14:06.572454,134.25
user_04519,SP,2025-06-17 20:14:06.572454,43.4
user_04520,GO,2025-06-17 20:14:06.572454,353.09
user_04521,BA,2025-06-17 20:14:06.572454,101.11
user_04522,GO,2025-06-17 20:14:06.572454,539.63
user_04523,BA,2025-06-17 20:14:06.572454,180.38
user_04524,SC,2025-06-17 20:14:06.572454,396.62
user_04525,RJ,2025-06-17 20:14:06.572454,750.85
user_04526,RS,2025-06-18 20:14:06.572454,93.03
user_04527,DF,2025-06-18 20:14:06.572454,155.59
user_04528,BA,2025-06-18 20:14:06.572454,230.32
user_04529,SP,2025-06-18 20:14:06.572454,837.18
user_04530,MG,2025-06-18 20:14:06.572454,144.5
user_04531,SP,2025-06-18 20:14:06.572454,152.08
user_04532,SP,2025-06-18 20:14:06.572454,358.71
user_04533,MG,2025-06-18 20:14:06.572454,154.19
user_04534,BA,2025-06-19 20:14:06.572454,276.45
user_04535,BA,2025-06-19 20:14:06.572454,70.72
user_04536,RJ,2025-06-20 20:14:06.572454,1135.3668662108662
user_04537,PR,2025-06-20 20:14:06.572454,83.25
user_04538,SP,2025-06-20 20:14:06.572454,189.16
user_04539,SP,2025-06-20 20:14:06.572454,238.42
user_04540,SP,2025-06-20 20:14:06.572454,1499.6675614155577
user_04541,RJ,2025-06-20 20:14:06.572454,84.79
user_04542,SP,2025-06-20 20:14:06.572454,1154.1775353161552
user_04543,MG,2025-06-20 20:14:06.572454,448.43
user_04544,RJ,2025-06-20 20:14:06.572454,341.61
user_04545,SC,2025-06-21 20:14:06.572454,111.31
user_04546,SP,2025-06-21 20:14:06.572454,386.42
user_04547,PR,2025-06-21 20:14:06.572454,137.17
user_04548,PR,2025-06-21 20:14:06.572454,674.07
user_04549,SC,2025-06-21 20:14:06.572454,112.52
user_04550,DF,2025-06-21 20:14:06.572454,223.51
user_04551,SP,2025-06-21 20:14:06.572454,156.93
user_04552,SP,2025-06-21 20:14:06.572454,111.05
user_04553,GO,2025-06-21 20:14:06.572454,442.77
user_04554,RJ,2025-06-22 20:14:06.572454,375.54
user_04555,BA,2025-06-22 20:14:06.572454,643.68
user_04556,PR,2025-06-22 20:14:06.572454,58.92
user_04557,PR,2025-06-22 20:14:06.572454,573.26
user_04558,DF,2025-06-22 20:14:06.572454,1442.2482673969316
user_04559,AM,2025-06-22 20:14:06.572454,170.49
user_04560,RS,2025-06-22 20:14:06.572454,1338.1168675202387
user_04561,MG,2025-06-22 20:14:06.572454,198.24
user_04562,GO,2025-06-22 20:14:06.572454,81.62
user_04563,SP,2025-06-22 20:14:06.572454,191.62
user_04564,SP,2025-06-22 20:14:06.572454,565.98
user_04565,GO,2025-06-22 20:14:06.572454,125.14
user_04566,MG,2025-06-23 20:14:06.572454,151.37
user_04567,SP,2025-06-23 20:14:06.572454,393.4
user_04568,SP,2025-06-23 20:14:06.572454,245.29
user_04569,GO,2025-06-23 20:14:06.572454,390.61
user_04570,RJ,2025-06-24 20:14:06.572454,295.97
user_04571,PR,2025-06-24 20:14:06.572454,359.14
user_04572,SP,2025-06-24 20:14:06.572454,173.15
user_04573,RS,2025-06-24 20:14:06.572454,294.53
user_04574,RS,2025-06-24 20:14:06.572454,116.52
user_04575,MG,2025-06-24 20:14:06.572454,685.91
user_04576,RJ,2025-06-24 20:14:06.572454,147.32
user_04577,SP,2025-06-24 20:14:06.572454,603.7
user_04578,CE,2025-06-24 20:14:06.572454,202.98
user_04579,PR,2025-06-24 20:14:06.572454,287.61
user_04580,DF,2025-06-25 20:14:06.572454,164.68
user_04581,MG,2025-06-25 20:14:06.572454,108.55
user_04582,SC,2025-06-25 20:14:06.572454,60.59
user_04583,RS,2025-06-25 20:14:06.572454,105.19
user_04584,PR,2025-06-25 20:14:06.572454,188.83
user_04585,PE,2025-06-25 20:14:06.572454,289.89
user_04586,MG,2025-06-25 20:14:06.572454,549.11
user_04587,SP,2025-06-26 20:14:06.572454,171.3
user_04588,PR,2025-06-26 20:14:06.572454,120.84
user_04589,RS,2025-06-26 20:14:06.572454,77.16
user_04590,BA,2025-06-26 20:14:06.572454,359.26
user_04591,SP,2025-06-26 20:14:06.572454,739.93
user_04592,RJ,2025-06-27 20:14:06.572454,673.89
user_04593,MG,2025-06-27 20:14:06.572454,431.79
user_04594,RJ,2025-06-27 20:14:06.572454,407.82
user_04595,PR,2025-06-27 20:14:06.572454,951.56
user_04596,RS,2025-06-27 20:14:06.572454,319.15
user_04597,SP,2025-06-27 20:14:06.572454,410.31
user_04598,RJ,2025-06-27 20:14:06.572454,189.31
user_04599,MG,2025-06-27 20:14:06.572454,82.3
user_04600,SP,2025-06-27 20:14:06.572454,141.59
user_04601,SC,2025-06-28 20:14:06.572454,242.91
user_04602,DF,2025-06-28 20:14:06.572454,256.88
user_04603,MG,2025-06-28 20:14:06.572454,1170.458204596045
user_04604,RS,2025-06-28 20:14:06.572454,261.13
user_04605,GO,2025-06-28 20:14:06.572454,628.34
user_04606,SC,2025-06-28 20:14:06.572454,172.77
user_04607,SP,2025-06-28 20:14:06.572454,190.69
user_04608,PE,2025-06-28 20:14:06.572454,84.5
user_04609,MG,2025-06-28 20:14:06.572454,135.12
user_04610,MG,2025-06-28 20:14:06.572454,373.0
user_04611,SP,2025-06-28 20:14:06.572454,246.18
user_04612,RJ,2025-06-29 20:14:06.572454,520.27
user_04613,SP,2025-06-29 20:14:06.572454,282.87
user_04614,SP,2025-06-29 20:14:06.572454,184.57
user_04615,MG,2025-06-29 20:14:06.572454,1271.7671891870618
user_04616,SC,2025-06-29 20:14:06.572454,226.98
user_04617,GO,2025-06-29 20:14:06.572454,620.42
user_04618,MG,2025-06-29 20:14:06.572454,177.51
user_04619,GO,2025-06-29 20:14:06.572454,431.68
user_04620,GO,2025-06-29 20:14:06.572454,514.1
user_04621,RS,2025-06-30 20:14:06.572454,289.11
user_04622,SP,2025-06-30 20:14:06.572454,37.2
user_04623,PR,2025-06-30 20:14:06.572454,248.29
user_04624,DF,2025-06-30 20:14:06.572454,654.83
user_04625,PR,2025-06-30 20:14:06.572454,373.15
user_04626,MG,2025-06-30 20:14:06.572454,349.56
user_04627,RJ,2025-06-30 20:14:06.572454,61.69
user_04628,PR,2025-06-30 20:14:06.572454,137.5
user_04629,RJ,2025-07-01 20:14:06.572454,340.05
user_04630,SP,2025-07-01 20:14:06.572454,339.78
user_04631,MG,2025-07-01 20:14:06.572454,646.6
user_04632,SC,2025-07-01 20:14:06.572454,217.92
user_04633,GO,2025-07-01 20:14:06.572454,338.55
user_04634,SP,2025-07-01 20:14:06.572454,247.92
user_04635,PE,2025-07-01 20:14:06.572454,111.1
user_04636,MG,2025-07-02 20:14:06.572454,40.26
user_04637,PR,2025-07-02 20:14:06.572454,345.44
user_04638,RS,2025-07-02 20:14:06.572454,281.23
user_04639,SC,2025-07-03 20:14:06.572454,149.23
user_04640,DF,2025-07-03 20:14:06.572454,67.0
user_04641,MG,2025-07-03 20:14:06.572454,404.96
user_04642,GO,2025-07-03 20:14:06.572454,197.8
user_04643,SP,2025-07-03 20:14:06.572454,382.03
user_04644,RS,2025-07-04 20:14:06.572454,1420.2679399745969
user_04645,RS,2025-07-04 20:14:06.572454,44.12
user_04646,PR,2025-07-04 20:14:06.572454,139.81
user_04647,MG,2025-07-04 20:14:06.572454,206.95
user_04648,GO,2025-07-04 20:14:06.572454,783.57
user_04649,SP,2025-07-04 20:14:06.572454,66.08
user_04650,SP,2025-07-05 20:14:06.572454,1441.684149015456
user_04651,RS,2025-07-05 20:14:06.572454,272.79
user_04652,RJ,2025-07-05 20:14:06.572454,226.6
user_04653,SC,2025-07-05 20:14:06.572454,208.84
user_04654,MG,2025-07-05 20:14:06.572454,172.6
user_04655,SP,2025-07-05 20:14:06.572454,565.94
user_04656,SC,2025-07-06 20:14:06.572454,104.08
user_04657,RJ,2025-07-06 20:14:06.572454,322.57
user_04658,SP,2025-07-06 20:14:06.572454,179.95
user_04659,RS,2025-07-06 20:14:06.572454,132.99
user_04660,RJ,2025-07-06 20:14:06.572454,1080.1969375030726
user_04661,PR,2025-07-06 20:14:06.572454,342.15
user_04662,RJ,2025-07-06 20:14:06.572454,399.66
user_04663,SC,2025-07-06 20:14:06.572454,608.03
user_04664,SC,2025-07-07 20:14:06.572454,78.49
user_04665,RS,2025-07-07 20:14:06.572454,994.1
user_04666,SP,2025-07-07 20:14:06.572454,32.88
user_04667,SC,2025-07-07 20:14:06.572454,132.29
user_04668,PR,2025-07-07 20:14:06.572454,169.49
user_04669,PR,2025-07-07 20:14:06.572454,389.7
user_04670,MG,2025-07-07 20:14:06.572454,291.48
user_04671,GO,2025-07-07 20:14:06.572454,214.12
user_04672,RS,2025-07-07 20:14:06.572454,242.35
user_04673,SP,2025-07-08 20:14:06.572454,111.9
user_04674,RJ,2025-07-08 20:14:06.572454,73.86
user_04675,GO,2025-07-08 20:14:06.572454,437.56
user_04676,SP,2025-07-08 20:14:06.572454,426.22
user_04677,PE,2025-07-08 20:14:06.572454,869.22
user_04678,PR,2025-07-08 20:14:06.572454,130.06
user_04679,PR,2025-07-08 20:14:06.572454,425.92
user_04680,MG,2025-07-09 20:14:06.572454,195.01
user_04681,SP,2025-07-09 20:14:06.572454,634.21
user_04682,DF,2025-07-09 20:14:06.572454,554.22
user_04683,MG,2025-07-09 20:14:06.572454,289.74
user_04684,RS,2025-07-09 20:14:06.572454,186.49
user_04685,MG,2025-07-09 20:14:06.572454,527.81
user_04686,SP,2025-07-09 20:14:06.572454,410.56
user_04687,SP,2025-07-09 20:14:06.572454,141.52
user_04688,RJ,2025-07-09 20:14:06.572454,84.59
user_04689,CE,2025-07-10 20:14:06.572454,194.26
user_04690,MG,2025-07-10 20:14:06.572454,822.49
user_04691,MG,2025-07-10 20:14:06.572454,612.28
user_04692,MG,2025-07-10 20:14:06.572454,100.5
user_04693,RJ,2025-07-10 20:14:06.572454,96.14
user_04694,RJ,2025-07-10 20:14:06.572454,678.41
user_04695,GO,2025-07-10 20:14:06.572454,98.64
user_04696,RJ,2025-07-11 20:14:06.572454,367.76
user_04697,RJ,2025-07-11 20:14:06.572454,149.48
user_04698,SP,2025-07-11 20:14:06.572454,892.15
user_04699,CE,2025-07-11 20:14:06.572454,132.11
user_04700,SP,2025-07-11 20:14:06.572454,610.75
user_04701,SP,2025-07-11 20:14:06.572454,283.69
user_04702,PR,2025-07-11 20:14:06.572454,299.39
user_04703,BA,2025-07-12 20:14:06.572454,50.59
user_04704,RJ,2025-07-12 20:14:06.572454,42.0
user_04705,RJ,2025-07-12 20:14:06.572454,205.11
user_04706,SC,2025-07-12 20:14:06.572454,298.13
user_04707,SP,2025-07-13 20:14:06.572454,99.47
user_04708,SC,2025-07-13 20:14:06.572454,102.42
user_04709,PR,2025-07-13 20:14:06.572454,383.44
user_04710,RJ,2025-07-13 20:14:06.572454,383.86
user_04711,RJ,2025-07-13 20:14:06.572454,219.16
user_04712,MG,2025-07-13 20:14:06.572454,456.76
user_04713,RS,2025-07-13 20:14:06.572454,95.64
user_04714,RJ,2025-07-13 20:14:06.572454,184.06
user_04715,MG,2025-07-14 20:14:06.572454,914.43
user_04716,BA,2025-07-14 20:14:06.572454,258.44
user_04717,AM,2025-07-14 20:14:06.572454,270.71
user_04718,RJ,2025-07-14 20:14:06.572454,1169.7865706040848
user_04719,DF,2025-07-14 20:14:06.572454,79.88
user_04720,MG,2025-07-14 20:14:06.572454,462.73
user_04721,SP,2025-07-14 20:14:06.572454,926.29
user_04722,SP,2025-07-14 20:14:06.572454,188.69
user_04723,RJ,2025-07-14 20:14:06.572454,486.73
user_04724,SP,2025-07-14 20:14:06.572454,111.54
user_04725,SP,2025-07-14 20:14:06.572454,141.26
user_04726,DF,2025-07-14 20:14:06.572454,332.94
user_04727,SC,2025-07-15 20:14:06.572454,463.52
user_04728,RS,2025-07-15 20:14:06.572454,599.89
user_04729,SP,2025-07-15 20:14:06.572454,858.94
user_04730,SP,2025-07-15 20:14:06.572454,231.84
user_04731,SP,2025-07-15 20:14:06.572454,635.8
user_04732,RS,2025-07-15 20:14:06.572454,186.08
user_04733,DF,2025-07-15 20:14:06.572454,503.54
user_04734,RJ,2025-07-15 20:14:06.572454,288.87
user_04735,SP,2025-07-16 20:14:06.572454,349.51
user_04736,RJ,2025-07-16 20:14:06.572454,343.37
user_04737,MG,2025-07-16 20:14:06.572454,67.78
user_04738,MG,2025-07-16 20:14:06.572454,99.55
user_04739,PR,2025-07-16 20:14:06.572454,265.61
user_04740,RS,2025-07-16 20:14:06.572454,63.45
user_04741,SP,2025-07-16 20:14:06.572454,475.79
user_04742,SP,2025-07-16 20:14:06.572454,491.39
user_04743,AM,2025-07-17 20:14:06.572454,317.9
user_04744,SP,2025-07-17 20:14:06.572454,99.79
user_04745,SP,2025-07-17 20:14:06.572454,738.12
user_04746,SP,2025-07-17 20:14:06.572454,1167.6115901067858
user_04747,SP,2025-07-17 20:14:06.572454,275.24
user_04748,MG,2025-07-17 20:14:06.572454,368.13
user_04749,SC,2025-07-17 20:14:06.572454,287.55
user_04750,MG,2025-07-17 20:14:06.572454,374.01
user_04751,RJ,2025-07-17 20:14:06.572454,222.37
user_04752,PR,2025-07-18 20:14:06.572454,238.02
user_04753,RJ,2025-07-18 20:14:06.572454,505.01
user_04754,GO,2025-07-18 20:14:06.572454,1021.0223980379724
user_04755,GO,2025-07-18 20:14:06.572454,79.83
user_04756,SP,2025-07-18 20:14:06.572454,225.19
user_04757,RS,2025-07-18 20:14:06.572454,95.17
user_04758,RJ,2025-07-18 20:14:06.572454,874.47
user_04759,CE,2025-07-18 20:14:06.572454,152.9
user_04760,RJ,2025-07-18 20:14:06.572454,77.13
user_04761,CE,2025-07-18 20:14:06.572454,407.71
user_04762,RS,2025-07-19 20:14:06.572454,987.77
user_04763,SP,2025-07-19 20:14:06.572454,416.08
user_04764,RJ,2025-07-19 20:14:06.572454,288.25
user_04765,AM,2025-07-19 20:14:06.572454,339.45
user_04766,GO,2025-07-19 20:14:06.572454,758.9
user_04767,SP,2025-07-19 20:14:06.572454,121.59
user_04768,RS,2025-07-19 20:14:06.572454,223.75
user_04769,MG,2025-07-20 20:14:06.572454,170.35
user_04770,SP,2025-07-20 20:14:06.572454,96.13
user_04771,RJ,2025-07-20 20:14:06.572454,188.16
user_04772,SP,2025-07-20 20:14:06.572454,593.58
user_04773,SC,2025-07-20 20:14:06.572454,385.01
user_04774,MG,2025-07-20 20:14:06.572454,409.71
user_04775,SC,2025-07-21 20:14:06.572454,275.11
user_04776,SP,2025-07-21 20:14:06.572454,371.91
user_04777,MG,2025-07-21 20:14:06.572454,128.96
user_04778,SP,2025-07-21 20:14:06.572454,191.02
user_04779,SP,2025-07-21 20:14:06.572454,285.32
user_04780,SP,2025-07-21 20:14:06.572454,305.52
user_04781,SP,2025-07-22 20:14:06.572454,316.13
user_04782,BA,2025-07-22 20:14:06.572454,219.06
user_04783,MG,2025-07-22 20:14:06.572454,180.92
user_04784,RJ,2025-07-22 20:14:06.572454,1299.1188799259482
user_04785,MG,2025-07-22 20:14:06.572454,505.44
user_04786,GO,2025-07-22 20:14:06.572454,340.54
user_04787,DF,2025-07-22 20:14:06.572454,203.05
user_04788,RJ,2025-07-22 20:14:06.572454,170.55
user_04789,MG,2025-07-23 20:14:06.572454,220.38
user_04790,SP,2025-07-23 20:14:06.572454,309.28
user_04791,PE,2025-07-23 20:14:06.572454,54.36
user_04792,SP,2025-07-23 20:14:06.572454,69.72
user_04793,MG,2025-07-23 20:14:06.572454,147.01
user_04794,MG,2025-07-23 20:14:06.572454,288.79
user_04795,MG,2025-07-23 20:14:06.572454,202.06
user_04796,SP,2025-07-23 20:14:06.572454,798.31
user_04797,SC,2025-07-23 20:14:06.572454,74.75
user_04798,SP,2025-07-24 20:14:06.572454,134.15
user_04799,PR,2025-07-24 20:14:06.572454,825.57
user_04800,SP,2025-07-24 20:14:06.572454,271.75
user_04801,SP,2025-07-24 20:14:06.572454,496.64
user_04802,DF,2025-07-24 20:14:06.572454,1427.410026496094
user_04803,SP,2025-07-24 20:14:06.572454,140.46
user_04804,SC,2025-07-24 20:14:06.572454,226.0
user_04805,RJ,2025-07-24 20:14:06.572454,196.77
user_04806,SP,2025-07-25 20:14:06.572454,51.23
user_04807,PE,2025-07-25 20:14:06.572454,190.89
user_04808,SP,2025-07-25 20:14:06.572454,495.14
user_04809,GO,2025-07-25 20:14:06.572454,377.09
user_04810,SP,2025-07-25 20:14:06.572454,401.52
user_04811,GO,2025-07-25 20:14:06.572454,181.2
user_04812,SP,2025-07-26 20:14:06.572454,144.77
user_04813,RJ,2025-07-26 20:14:06.572454,675.47
user_04814,RS,2025-07-26 20:14:06.572454,164.37
user_04815,DF,2025-07-26 20:14:06.572454,309.6
user_04816,DF,2025-07-26 20:14:06.572454,278.85
user_04817,SC,2025-07-26 20:14:06.572454,787.9
user_04818,GO,2025-07-26 20:14:06.572454,532.26
user_04819,SP,2025-07-26 20:14:06.572454,86.82
user_04820,MG,2025-07-27 20:14:06.572454,94.63
user_04821,MG,2025-07-27 20:14:06.572454,388.82
user_04822,MG,2025-07-27 20:14:06.572454,232.42
user_04823,MG,2025-07-27 20:14:06.572454,170.01
user_04824,RJ,2025-07-27 20:14:06.572454,551.42
user_04825,SP,2025-07-27 20:14:06.572454,284.28
user_04826,PR,2025-07-27 20:14:06.572454,255.18
user_04827,SP,2025-07-27 20:14:06.572454,456.63
user_04828,MG,2025-07-27 20:14:06.572454,181.26
user_04829,RJ,2025-07-27 20:14:06.572454,858.18
user_04830,SC,2025-07-28 20:14:06.572454,130.26
user_04831,RS,2025-07-28 20:14:06.572454,413.87
user_04832,PR,2025-07-28 20:14:06.572454,770.52
user_04833,SP,2025-07-28 20:14:06.572454,81.3
user_04834,RJ,2025-07-28 20:14:06.572454,185.92
user_04835,SP,2025-07-28 20:14:06.572454,610.19
user_04836,MG,2025-07-28 20:14:06.572454,617.57
user_04837,RJ,2025-07-29 20:14:06.572454,213.32
user_04838,SP,2025-07-29 20:14:06.572454,135.95
user_04839,MG,2025-07-29 20:14:06.572454,525.71
user_04840,PE,2025-07-29 20:14:06.572454,630.71
user_04841,PE,2025-07-30 20:14:06.572454,96.38
user_04842,MG,2025-07-30 20:14:06.572454,93.4
user_04843,SP,2025-07-30 20:14:06.572454,293.01
user_04844,SP,2025-07-30 20:14:06.572454,404.84
user_04845,MG,2025-07-30 20:14:06.572454,192.62
user_04846,DF,2025-07-30 20:14:06.572454,421.34
user_04847,SP,2025-07-31 20:14:06.572454,138.64
user_04848,RS,2025-07-31 20:14:06.572454,45.07
user_04849,SP,2025-07-31 20:14:06.572454,174.32
user_04850,CE,2025-07-31 20:14:06.572454,257.39
user_04851,MG,2025-07-31 20:14:06.572454,196.24
user_04852,RS,2025-07-31 20:14:06.572454,96.85
user_04853,MG,2025-07-31 20:14:06.572454,57.25
user_04854,PR,2025-07-31 20:14:06.572454,162.18
user_04855,SP,2025-07-31 20:14:06.572454,501.76
user_04856,SP,2025-07-31 20:14:06.572454,668.45
user_04857,DF,2025-07-31 20:14:06.572454,632.81
user_04858,DF,2025-07-31 20:14:06.572454,127.39
user_04859,GO,2025-08-01 20:14:06.572454,97.23
user_04860,PR,2025-08-01 20:14:06.572454,364.06
user_04861,SC,2025-08-01 20:14:06.572454,406.7
user_04862,SP,2025-08-01 20:14:06.572454,337.02
user_04863,MG,2025-08-02 20:14:06.572454,48.85
user_04864,MG,2025-08-02 20:14:06.572454,122.3
user_04865,PR,2025-08-02 20:14:06.572454,238.95
user_04866,MG,2025-08-02 20:14:06.572454,361.32
user_04867,SP,2025-08-02 20:14:06.572454,452.07
user_04868,BA,2025-08-02 20:14:06.572454,274.62
user_04869,SC,2025-08-02 20:14:06.572454,318.82
user_04870,MG,2025-08-02 20:14:06.572454,261.88
user_04871,SP,2025-08-02 20:14:06.572454,423.48
user_04872,SP,2025-08-03 20:14:06.572454,314.28
user_04873,SP,2025-08-03 20:14:06.572454,257.9
user_04874,MG,2025-08-03 20:14:06.572454,197.41
user_04875,PR,2025-08-03 20:14:06.572454,261.13
user_04876,PR,2025-08-03 20:14:06.572454,360.57
user_04877,PR,2025-08-03 20:14:06.572454,303.08
user_04878,MG,2025-08-03 20:14:06.572454,331.84
user_04879,SC,2025-08-03 20:14:06.572454,716.36
user_04880,SP,2025-08-03 20:14:06.572454,302.52
user_04881,RJ,2025-08-03 20:14:06.572454,145.59
user_04882,SC,2025-08-03 20:14:06.572454,496.15
user_04883,SP,2025-08-04 20:14:06.572454,82.03
user_04884,SP,2025-08-04 20:14:06.572454,103.01
user_04885,GO,2025-08-04 20:14:06.572454,320.11
user_04886,MG,2025-08-04 20:14:06.572454,369.86
user_04887,PR,2025-08-04 20:14:06.572454,90.37
user_04888,SP,2025-08-04 20:14:06.572454,180.14
user_04889,PR,2025-08-05 20:14:06.572454,150.68
user_04890,MG,2025-08-05 20:14:06.572454,165.78
user_04891,SP,2025-08-05 20:14:06.572454,520.55
user_04892,PR,2025-08-06 20:14:06.572454,430.61
user_04893,SP,2025-08-06 20:14:06.572454,240.98
user_04894,MG,2025-08-06 20:14:06.572454,158.1
user_04895,SP,2025-08-06 20:14:06.572454,83.12
user_04896,SP,2025-08-07 20:14:06.572454,762.15
user_04897,MG,2025-08-07 20:14:06.572454,392.95
user_04898,SP,2025-08-07 20:14:06.572454,139.03
user_04899,DF,2025-08-07 20:14:06.572454,435.15
user_04900,SP,2025-08-07 20:14:06.572454,231.32
user_04901,RJ,2025-08-07 20:14:06.572454,194.48
user_04902,SP,2025-08-07 20:14:06.572454,346.6
user_04903,MG,2025-08-07 20:14:06.572454,135.21
user_04904,DF,2025-08-07 20:14:06.572454,185.86
user_04905,SP,2025-08-07 20:14:06.572454,269.66
user_04906,PE,2025-08-08 20:14:06.572454,164.09
user_04907,SP,2025-08-08 20:14:06.572454,417.91
user_04908,RS,2025-08-08 20:14:06.572454,1190.787193912759
user_04909,RJ,2025-08-08 20:14:06.572454,133.83
user_04910,GO,2025-08-08 20:14:06.572454,64.58
user_04911,BA,2025-08-08 20:14:06.572454,49.33
user_04912,RJ,2025-08-08 20:14:06.572454,216.94
user_04913,SP,2025-08-08 20:14:06.572454,143.95
user_04914,SP,2025-08-08 20:14:06.572454,288.96
user_04915,DF,2025-08-08 20:14:06.572454,272.08
user_04916,MG,2025-08-08 20:14:06.572454,67.86
user_04917,MG,2025-08-08 20:14:06.572454,57.29
user_04918,RS,2025-08-09 20:14:06.572454,310.05
user_04919,MG,2025-08-09 20:14:06.572454,272.69
user_04920,PE,2025-08-09 20:14:06.572454,174.05
user_04921,RS,2025-08-09 20:14:06.572454,64.99
user_04922,BA,2025-08-09 20:14:06.572454,356.78
user_04923,GO,2025-08-10 20:14:06.572454,676.9
user_04924,SP,2025-08-10 20:14:06.572454,305.63
user_04925,MG,2025-08-10 20:14:06.572454,124.22
user_04926,RJ,2025-08-10 20:14:06.572454,253.57
user_04927,SP,2025-08-10 20:14:06.572454,82.03
user_04928,RS,2025-08-10 20:14:06.572454,570.42
user_04929,DF,2025-08-10 20:14:06.572454,261.25
user_04930,RJ,2025-08-10 20:14:06.572454,59.47
user_04931,MG,2025-08-10 20:14:06.572454,192.38
user_04932,PE,2025-08-10 20:14:06.572454,354.48
user_04933,RJ,2025-08-10 20:14:06.572454,187.46
user_04934,RJ,2025-08-10 20:14:06.572454,196.23
user_04935,MG,2025-08-10 20:14:06.572454,91.88
user_04936,DF,2025-08-11 20:14:06.572454,385.0
user_04937,BA,2025-08-11 20:14:06.572454,145.65
user_04938,RS,2025-08-11 20:14:06.572454,43.59
user_04939,SC,2025-08-11 20:14:06.572454,181.82
user_04940,MG,2025-08-11 20:14:06.572454,536.42
user_04941,RJ,2025-08-11 20:14:06.572454,179.55
user_04942,SC,2025-08-11 20:14:06.572454,982.78
user_04943,MG,2025-08-11 20:14:06.572454,344.87
user_04944,SC,2025-08-11 20:14:06.572454,320.86
user_04945,DF,2025-08-11 20:14:06.572454,220.81
user_04946,PR,2025-08-12 20:14:06.572454,231.68
user_04947,RS,2025-08-12 20:14:06.572454,198.2
user_04948,SC,2025-08-12 20:14:06.572454,192.13
user_04949,SC,2025-08-12 20:14:06.572454,374.16
user_04950,MG,2025-08-12 20:14:06.572454,115.74
user_04951,SP,2025-08-12 20:14:06.572454,103.47
user_04952,RJ,2025-08-13 20:14:06.572454,99.63
user_04953,PR,2025-08-13 20:14:06.572454,1370.0179724920886
user_04954,RJ,2025-08-14 20:14:06.572454,374.01
user_04955,RS,2025-08-14 20:14:06.572454,312.18
user_04956,MG,2025-08-14 20:14:06.572454,105.0
user_04957,PR,2025-08-14 20:14:06.572454,402.89
user_04958,SP,2025-08-14 20:14:06.572454,222.9
user_04959,RS,2025-08-14 20:14:06.572454,290.42
user_04960,RJ,2025-08-14 20:14:06.572454,112.02
user_04961,SP,2025-08-15 20:14:06.572454,278.17
user_04962,MG,2025-08-15 20:14:06.572454,174.33
user_04963,RS,2025-08-15 20:14:06.572454,132.62
user_04964,RJ,2025-08-15 20:14:06.572454,440.22
user_04965,SP,2025-08-15 20:14:06.572454,71.51
user_04966,PE,2025-08-15 20:14:06.572454,384.45
user_04967,RS,2025-08-15 20:14:06.572454,423.09
user_04968,PE,2025-08-16 20:14:06.572454,121.06
user_04969,RJ,2025-08-16 20:14:06.572454,126.94
user_04970,RJ,2025-08-16 20:14:06.572454,204.71
user_04971,GO,2025-08-16 20:14:06.572454,306.63
user_04972,RJ,2025-08-16 20:14:06.572454,216.53
user_04973,RS,2025-08-16 20:14:06.572454,346.14
user_04974,MG,2025-08-16 20:14:06.572454,1313.85020680037
user_04975,RJ,2025-08-17 20:14:06.572454,163.01
user_04976,SP,2025-08-17 20:14:06.572454,62.04
user_04977,SP,2025-08-17 20:14:06.572454,473.78
user_04978,SP,2025-08-18 20:14:06.572454,940.73
user_04979,SP,2025-08-18 20:14:06.572454,335.03
user_04980,CE,2025-08-18 20:14:06.572454,102.49
user_04981,SP,2025-08-18 20:14:06.572454,221.6
user_04982,PR,2025-08-18 20:14:06.572454,100.0
user_04983,SC,2025-08-18 20:14:06.572454,409.23
user_04984,BA,2025-08-18 20:14:06.572454,83.01
user_04985,SP,2025-08-18 20:14:06.572454,192.46
user_04986,RS,2025-08-18 20:14:06.572454,109.57
user_04987,PR,2025-08-19 20:14:06.572454,270.82
user_04988,RS,2025-08-19 20:14:06.572454,182.53
user_04989,RS,2025-08-19 20:14:06.572454,281.86
user_04990,CE,2025-08-19 20:14:06.572454,249.11
user_04991,BA,2025-08-19 20:14:06.572454,111.13
user_04992,MG,2025-08-19 20:14:06.572454,404.04
user_04993,PR,2025-08-20 20:14:06.572454,235.33
user_04994,SP,2025-08-20 20:14:06.572454,110.96
user_04995,GO,2025-08-20 20:14:06.572454,1187.8243677465005
user_04996,SP,2025-08-20 20:14:06.572454,358.22
user_04997,MG,2025-08-20 20:14:06.572454,216.46
user_04998,SC,2025-08-20 20:14:06.572454,759.12
user_04999,BA,2025-08-20 20:14:06.572454,1070.5298997461487
